SQ_2157,SQ_1990,SQ_2010,SQ_2163,SQ_2204,SQ_2212,SQ_2216,SQ_2222,SQ_2288,SQ_2303,SQ_2298,SQ_2145,GSM2058021,GSM2058022,GSM2058023
reg_6364,8,1,1,97,1,13,3,12,24,19,47,4,85,34,185
reg_6365,26,20,27,47,58,67,47,52,65,21,43,11,79,56,216
reg_6366,1,9,1,6,1,1,1,7,1,1,45,1,65,44,169
reg_6367,1,1,1,21,2,14,4,5,2,1,52,29,132,66,188
reg_6368,1,1,15,17,6,10,6,1,11,5,11,3,11,23,56
reg_6369,184,304,215,661,278,519,466,435,500,267,1045,297,1950,1562,3860
reg_6370,28,1,2,92,15,21,19,50,49,1,57,9,91,44,136
reg_6371,141,290,281,673,196,398,438,303,451,188,666,222,1793,1409,3416
reg_6372,1,1,3,26,3,1,1,1,1,1,39,1,39,25,222
reg_6373,63,86,112,293,70,168,55,99,268,135,187,31,580,229,894
reg_6374,13,26,35,51,32,32,6,14,134,16,35,15,70,54,93
reg_6375,1,9,23,33,1,22,29,12,50,38,15,1,4,1,3
reg_6376,15,17,24,39,14,19,34,30,63,20,10,1,30,35,47
reg_6377,123,75,155,214,118,132,219,226,295,97,110,42,378,286,687
reg_6378,1,1,40,29,19,25,7,22,40,10,42,19,31,28,46
reg_6379,35,34,32,62,65,70,55,44,100,26,26,16,73,58,195
reg_6380,60,81,88,187,90,78,262,122,145,45,62,1,77,52,242
reg_6381,1,38,24,20,20,1,8,3,27,1,57,12,95,42,137
reg_6382,98,95,110,84,63,113,105,66,124,14,103,30,141,78,206
reg_6383,22,6,16,1,5,1,5,15,22,1,34,12,55,64,86
reg_6384,12,38,5,57,14,28,40,28,56,1,145,30,278,170,418
reg_6385,20,29,1,22,17,2,15,9,58,1,68,8,122,52,192
reg_6386,1,2,1,1,3,1,1,1,5,1,29,5,62,22,67
reg_6387,16,1,21,6,3,30,13,17,41,19,16,4,11,13,53
reg_6388,1,1,8,5,7,10,1,1,1,3,21,8,34,8,32
reg_6389,1,1,56,120,15,62,42,40,90,85,142,35,299,158,377
reg_6390,1,22,44,31,13,12,74,33,58,1,75,2,93,83,190
reg_6391,9,1,48,1,16,20,30,1,62,27,14,1,3,2,4
reg_6392,8,1,32,69,16,3,4,14,42,1,102,8,98,118,398
reg_6393,25,18,19,34,7,19,1,14,92,1,41,1,71,35,72
reg_6394,1,1,1,10,2,10,2,1,23,1,10,8,11,9,37
reg_6395,1,5,1,4,1,1,1,1,4,1,15,2,10,16,35
reg_6396,1,1,1,1,8,3,1,2,6,6,13,1,24,24,58
reg_6397,30,37,65,88,18,48,38,25,88,21,80,27,164,135,228
reg_6398,1,35,17,233,36,47,20,66,113,20,188,65,455,283,742
reg_6399,11,11,4,9,14,1,18,4,38,2,10,1,21,19,28
reg_6400,376,322,605,766,641,566,1398,344,446,650,457,160,1215,978,1987
reg_6401,23,7,22,194,23,94,90,25,63,103,34,24,117,54,125
reg_6402,1,1,1,51,10,31,5,54,24,17,25,18,3,18,54
reg_6403,1,1,1,1,2,1,10,5,3,7,23,30,39,77,215
reg_6404,1,9,1,57,1,23,4,14,12,1,70,18,65,52,185
reg_6405,5,1,3,12,1,11,1,7,23,1,18,7,14,12,47
reg_6406,171,97,156,173,147,126,181,206,344,206,158,40,612,536,1132
reg_6407,57,1,36,161,21,1,1,40,19,1,11,1,1,10,1
reg_6408,1,13,1,18,7,5,1,7,2,1,18,1,32,12,50
reg_6409,10,6,21,46,48,41,12,35,29,22,29,23,46,33,94
reg_6410,241,278,239,331,268,288,274,238,192,252,153,80,473,230,755
reg_6411,164,158,55,94,97,43,92,119,143,16,78,1,188,99,241
reg_6412,230,168,171,271,127,100,180,227,298,135,107,52,238,129,257
reg_6413,1,1,5,13,14,1,3,1,14,8,17,11,25,38,45
reg_6414,51,35,71,107,71,42,39,54,128,76,27,16,48,35,101
reg_6415,2,10,15,1,1,10,8,23,26,29,16,1,7,1,10
reg_6416,3,1,1,1,1,4,1,4,5,3,23,1,25,12,39
reg_6417,37,34,26,20,14,37,50,85,27,190,51,27,81,104,202
reg_6418,11,1,3,14,1,1,12,26,32,1,39,1,95,39,139
reg_6419,1,1,17,13,4,1,32,38,77,23,26,20,27,45,71
reg_6420,3,1,6,2,19,1,18,44,125,48,40,9,15,14,50
reg_6421,7,1,1,7,1,6,8,3,23,95,54,30,71,42,132
reg_6422,7,8,13,151,1,51,11,26,34,9,112,4,184,188,310
reg_6423,2,2,8,98,1,61,15,19,16,1,95,38,255,238,344
reg_6424,1,4,3,1,1,16,1,5,11,6,2,6,1,10,12
reg_6425,8,7,6,28,7,65,12,26,26,8,16,7,40,17,51
reg_6426,4,5,1,6,1,9,5,2,31,1,2,3,35,16,59
reg_6427,21,89,83,39,92,21,208,54,129,52,48,18,105,52,226
reg_6428,63,132,127,84,219,63,316,141,219,144,58,28,110,72,260
reg_6429,66,66,101,68,85,33,65,27,11,37,39,4,5,8,36
reg_6430,19,1,119,78,39,51,175,56,41,1,17,17,3,54,73
reg_6431,591,258,242,569,128,222,239,361,990,159,81,70,294,129,151
reg_6432,15,6,17,5,8,1,4,11,40,4,62,1,69,66,193
reg_6433,1,10,3,13,1,1,4,21,36,1,14,8,16,9,48
reg_6434,73,27,37,64,1,64,7,86,188,32,12,1,1,1,1
reg_6435,15,28,1,13,7,17,2,1,1,5,15,1,14,3,8
reg_6436,235,234,62,213,81,155,135,344,454,107,85,21,68,17,118
reg_6437,48,41,12,32,1,23,10,23,132,4,3,1,10,1,7
reg_6438,193,123,65,55,58,63,39,75,126,22,39,1,1,2,1
reg_6439,11,7,1,3,3,9,1,13,26,1,12,1,2,1,7
reg_6440,56,21,117,1,92,117,55,182,240,7,78,16,1,1,35
reg_6441,14,12,16,1,19,16,10,44,95,1,27,26,58,57,154
reg_6442,3,1,12,1,5,23,9,8,10,3,26,16,13,28,52
reg_6443,13,1,4,9,5,6,7,1,35,1,37,22,65,19,124
reg_6444,27,60,43,20,27,89,81,47,69,34,134,45,286,168,407
reg_6445,17,9,12,1,1,25,3,30,9,1,44,43,77,45,162
reg_6446,35,77,95,158,60,65,92,98,169,104,118,39,186,211,154
reg_6447,16,86,21,178,18,77,10,25,43,24,4,1,11,3,29
reg_6448,24,83,59,201,43,60,13,126,133,84,144,51,394,245,490
reg_6449,1,46,52,100,57,1,52,52,100,49,110,24,197,98,357
reg_6450,1,1,9,14,3,1,1,12,14,1,19,11,41,29,50
reg_6451,1,10,27,4,5,1,16,17,25,15,35,18,56,35,69
reg_6452,21,19,30,41,14,5,22,43,71,35,65,12,153,142,263
reg_6453,1,18,9,5,1,7,1,2,15,1,29,3,22,19,11
reg_6454,1,5,30,22,1,10,5,23,66,7,123,32,123,89,194
reg_6455,6,33,19,9,6,1,1,1,2,16,17,1,66,38,38
reg_6456,22,25,81,83,10,1,88,64,73,69,97,1,26,36,127
reg_6457,1,95,100,1,63,61,47,51,56,59,77,63,131,84,307
reg_6458,1,2,1,1,1,6,28,19,62,1,37,20,38,44,106
reg_6459,18,1,1,13,1,4,23,1,10,8,24,5,49,39,86
reg_6460,13,1,1,47,2,1,22,18,1,1,56,36,66,34,175
reg_6461,1,7,1,1,1,1,1,1,9,1,22,5,31,22,48
reg_6462,263,52,441,338,668,204,667,445,813,391,688,256,1098,1030,1536
reg_6463,1,3,12,14,1,27,41,25,107,16,41,10,81,105,243
reg_6464,10,5,36,6,21,34,62,14,55,4,46,6,46,40,103
reg_6465,301,356,81,355,121,484,430,530,524,60,129,35,249,131,417
reg_6466,10,43,12,46,51,2,10,8,111,17,21,1,15,1,1
reg_6467,14,1,3,18,6,12,1,13,1,1,11,1,36,29,56
reg_6468,20,20,83,69,3,76,47,1,160,39,6,1,1,6,11
reg_6469,22,23,47,64,29,48,1,16,46,13,1,10,1,6,9
reg_6470,57,63,237,252,282,174,303,30,95,74,151,66,459,331,729
reg_6471,20,15,20,52,9,15,11,7,25,16,22,10,30,48,103
reg_6472,955,903,1593,1528,1536,2026,3335,2117,1778,1713,1683,477,3144,2228,5400
reg_6473,14,8,16,30,8,28,28,11,65,11,34,2,45,35,127
reg_6474,12,18,1,4,9,1,5,16,35,1,18,6,1,2,1
reg_6475,6,8,18,13,7,10,3,10,28,8,22,5,24,24,59
reg_6476,297,340,238,578,311,452,448,275,640,282,426,129,964,779,1569
reg_6477,690,710,1237,679,1031,858,1754,725,645,803,623,235,1771,1515,1958
reg_6478,24,63,26,23,47,4,17,24,60,15,52,8,52,16,100
reg_6479,47,58,153,136,69,119,174,97,164,140,128,8,81,78,282
reg_6480,333,273,437,485,405,472,700,555,566,359,200,62,693,482,1098
reg_6481,26,11,36,25,15,17,30,37,49,27,30,1,49,32,158
reg_6482,280,165,359,317,413,197,448,405,439,277,356,111,1078,728,1651
reg_6483,26,13,25,47,13,60,14,37,64,10,36,1,78,58,160
reg_6484,328,261,351,387,452,363,528,425,610,272,199,80,574,469,1208
reg_6485,20,1,32,39,10,29,17,25,22,12,57,17,157,85,294
reg_6486,8,9,4,8,1,6,1,10,29,1,14,2,20,33,19
reg_6487,8,33,18,160,76,73,11,36,138,15,53,1,114,63,85
reg_6488,15,17,4,9,4,3,7,21,23,7,15,1,11,14,35
reg_6489,24,137,82,105,50,97,98,154,150,93,84,12,213,170,590
reg_6490,176,126,165,308,188,241,305,290,294,182,152,51,743,511,1268
reg_6491,17,16,10,31,14,23,10,13,57,20,4,1,26,26,46
reg_6492,38,18,46,42,48,38,76,43,30,42,80,22,111,134,196
reg_6493,1,10,6,19,7,32,20,6,7,7,5,6,1,1,3
reg_6494,49,7,24,63,19,113,95,41,78,42,100,12,80,48,116
reg_6495,42,23,44,43,100,44,130,128,155,76,68,27,143,110,353
reg_6496,73,27,45,86,1,57,61,101,187,12,57,16,57,36,92
reg_6497,6,23,19,33,15,79,40,106,43,46,45,20,34,38,115
reg_6498,16,4,3,8,1,52,11,1,77,2,1,8,1,1,1
reg_6499,8,1,6,9,1,59,68,1,103,63,30,35,1,1,1
reg_6500,12,1,1,127,13,1,7,15,92,19,12,7,1,1,1
reg_6501,18,16,36,7,49,1,72,1,89,11,28,17,1,1,1
reg_6502,7,23,1,16,3,8,2,9,17,1,11,1,25,10,40
reg_6503,73,68,117,141,123,112,192,156,151,120,68,19,328,245,519
reg_6504,1,1,19,38,4,10,13,14,37,7,23,13,50,15,89
reg_6505,1,1,45,5,13,2,1,2,169,6,55,17,155,62,389
reg_6506,1,1,28,1,2,1,1,1,21,1,17,1,29,9,57
reg_6507,15,15,1,27,1,55,33,3,82,14,18,5,1,1,1
reg_6508,51,29,91,1,56,1,35,35,155,19,44,16,5,1,23
reg_6509,1,8,1,1,18,4,1,29,5,1,18,1,27,16,80
reg_6510,35,210,129,330,46,112,35,44,252,4,115,29,141,85,313
reg_6511,1,1,4,1,1,1,1,6,11,2,19,1,27,8,72
reg_6512,1,1,1,1,2,3,1,1,10,1,15,1,30,3,21
reg_6513,1,1,33,56,1,3,4,44,84,1,119,44,169,97,457
reg_6514,1,9,23,47,9,49,40,21,84,1,74,15,122,71,140
reg_6515,1,16,12,10,7,19,19,15,23,1,42,7,84,27,151
reg_6516,1,1,4,8,2,7,20,13,4,7,13,1,29,19,36
reg_6517,4,5,14,5,1,1,7,6,12,1,48,19,36,12,50
reg_6518,24,11,57,105,7,160,74,38,54,9,96,21,82,49,53
reg_6519,8,15,13,32,15,89,32,54,127,1,15,1,1,1,28
reg_6520,70,69,106,54,106,215,90,152,134,45,108,4,226,209,638
reg_6521,1,4,16,1,14,1,11,29,5,1,32,3,63,38,93
reg_6522,1,1,3,34,1,19,12,1,35,29,21,16,38,9,53
reg_6523,9,4,2,1,1,1,1,4,4,1,15,1,10,16,26
reg_6524,36,212,130,148,255,269,192,149,200,6,139,24,73,76,128
reg_6525,110,91,133,96,188,73,60,171,128,4,98,29,139,80,147
reg_6526,710,786,1072,664,1170,1233,1653,1209,1336,842,466,180,604,551,983
reg_6527,1,22,39,16,11,144,101,22,76,39,46,23,45,7,11
reg_6528,3,11,51,41,26,41,44,50,128,20,39,19,1,12,56
reg_6529,11,7,1,16,4,22,1,11,24,1,13,1,8,21,32
reg_6530,18,15,17,4,20,54,24,32,11,1,37,7,40,22,30
reg_6531,1,11,18,1,1,43,11,13,1,4,56,25,81,48,113
reg_6532,5,28,34,18,37,71,37,45,77,6,76,28,133,85,215
reg_6533,28,17,53,13,35,24,7,12,49,1,50,1,18,38,67
reg_6534,65,37,148,195,141,435,350,172,159,264,307,92,578,530,601
reg_6535,1,46,32,19,11,62,67,59,78,33,82,25,118,65,216
reg_6536,23,137,157,84,49,364,52,219,476,103,176,32,128,146,292
reg_6537,13,24,54,53,30,77,46,55,146,13,41,1,20,7,52
reg_6538,1,21,40,26,71,15,40,30,98,7,43,21,30,12,53
reg_6539,1,1,19,9,9,18,11,8,27,6,21,7,17,9,34
reg_6540,82,144,485,320,245,623,725,278,645,151,351,73,529,363,790
reg_6541,26,37,79,151,43,384,100,45,221,35,98,70,154,78,317
reg_6542,38,1,58,313,84,543,172,183,185,97,104,28,22,33,122
reg_6543,2,1,26,20,13,27,18,3,41,17,29,8,2,25,1
reg_6544,624,650,987,959,1006,1409,1495,1063,1025,850,552,200,1041,532,1711
reg_6545,17,19,1,70,32,13,53,24,49,13,19,6,49,23,72
reg_6546,150,113,326,1,380,467,293,224,411,166,115,15,147,70,183
reg_6547,1,4,1,18,12,61,20,21,22,1,1,2,1,1,8
reg_6548,78,93,118,18,124,255,89,228,389,26,42,28,54,19,88
reg_6549,83,39,46,78,15,393,15,24,159,14,30,14,1,2,1
reg_6550,11,21,161,33,47,429,103,84,324,69,28,1,23,10,12
reg_6551,81,160,298,95,268,517,476,230,542,173,172,2,278,268,558
reg_6552,321,343,335,421,386,544,478,334,488,222,394,153,1122,900,1681
reg_6553,157,57,154,222,148,170,167,147,189,123,201,60,208,181,383
reg_6554,14,60,26,30,2,16,21,27,19,12,50,31,100,46,126
reg_6555,1,72,39,9,1,9,7,78,7,1,14,3,4,1,10
reg_6556,9,1,17,17,10,17,22,7,1,1,15,2,7,24,50
reg_6557,21,9,19,7,17,5,1,10,11,1,5,1,1,6,19
reg_6558,8,16,13,1,13,37,1,32,50,2,13,2,1,13,16
reg_6559,268,349,259,550,325,417,628,371,411,326,325,62,465,280,1220
reg_6560,66,112,53,113,89,113,103,89,146,79,71,3,75,49,148
reg_6561,4,9,7,40,14,16,17,16,34,26,13,1,32,32,29
reg_6562,170,122,97,358,174,222,214,306,323,240,109,21,90,50,251
reg_6563,68,73,52,161,121,119,70,61,124,77,84,11,55,55,139
reg_6564,81,117,29,169,97,179,59,90,105,45,59,25,42,25,73
reg_6565,121,57,79,154,139,175,57,96,122,21,70,1,76,42,65
reg_6566,505,602,496,631,881,850,1005,664,601,512,232,127,615,463,656
reg_6567,20,51,18,86,55,57,82,25,77,29,46,2,62,22,93
reg_6568,18,11,1,45,17,21,18,11,39,3,26,7,38,27,54
reg_6569,138,202,375,290,250,253,145,259,348,106,296,101,492,454,757
reg_6570,6,19,57,30,16,28,25,17,40,1,46,14,62,39,73
reg_6571,13,35,40,122,66,65,73,104,103,15,116,39,163,103,211
reg_6572,38,19,41,148,10,86,80,96,118,38,179,66,294,206,573
reg_6573,26,24,25,61,11,63,47,44,63,13,31,1,77,19,70
reg_6574,1,31,16,51,12,11,36,1,50,39,45,19,92,56,147
reg_6575,40,234,97,335,94,161,376,32,627,394,154,51,335,145,499
reg_6576,1,1,20,53,14,1,21,1,46,1,52,27,82,61,257
reg_6577,1,21,21,32,41,23,49,22,39,81,2,14,9,4,58
reg_6578,10,34,17,27,28,8,11,20,32,1,15,19,43,23,146
reg_6579,42,33,37,79,53,69,88,34,205,154,166,27,140,136,306
reg_6580,23,127,114,242,113,277,322,271,408,295,154,40,296,304,630
reg_6581,1,1,6,10,10,16,17,7,23,52,3,2,19,1,37
reg_6582,1,8,26,42,1,79,21,60,10,120,1,1,5,22,58
reg_6583,13,15,1,9,27,28,32,38,244,193,1,1,16,1,14
reg_6584,66,91,115,173,119,198,173,144,504,285,60,14,159,95,420
reg_6585,53,51,58,153,46,130,48,52,176,31,56,1,84,30,120
reg_6586,447,235,441,904,293,664,594,304,451,247,269,78,649,441,701
reg_6587,102,43,76,175,79,180,69,109,94,81,42,17,77,53,57
reg_6588,327,277,195,495,226,742,242,137,277,130,169,58,491,346,748
reg_6589,332,189,320,411,315,955,251,434,380,212,165,1,413,203,514
reg_6590,75,38,106,121,77,162,44,139,136,33,35,1,121,56,141
reg_6591,1,1,26,1,1,1,45,12,4,1,7,9,56,1,17
reg_6592,43,32,71,112,84,90,81,48,64,69,33,16,30,34,5
reg_6593,71,4,164,258,133,307,70,4,248,312,51,1,1,1,1
reg_6594,21,1,126,147,70,165,42,34,67,75,28,1,20,33,17
reg_6595,1,24,49,96,16,82,31,22,95,81,2,1,1,1,1
reg_6596,27,3,22,79,7,47,39,18,39,29,26,1,46,11,71
reg_6597,22,21,25,39,33,51,19,45,67,32,1,1,5,1,1
reg_6598,20,6,1,137,18,121,10,26,20,18,1,1,1,1,1
reg_6599,745,812,1176,953,740,2049,1709,1206,1280,849,233,147,790,437,485
reg_6600,24,46,115,79,29,114,104,38,190,70,40,8,27,30,19
reg_6601,140,79,107,122,87,428,214,149,242,188,26,1,12,1,1
reg_6602,11,13,37,57,1,76,1,20,25,40,3,1,5,1,1
reg_6603,72,49,99,111,99,180,54,77,70,98,61,12,2,1,1
reg_6604,77,98,250,218,118,568,556,258,327,414,43,70,1,1,1
reg_6605,12,51,18,133,52,437,383,36,70,346,41,1,108,30,71
reg_6606,21,29,78,106,21,234,6,38,101,94,23,19,12,1,1
reg_6607,49,64,4,56,19,134,59,21,36,60,1,14,1,1,1
reg_6608,47,74,30,96,80,109,68,42,46,51,19,12,2,1,8
reg_6609,37,9,49,59,8,515,75,164,19,51,31,18,1,5,1
reg_6610,2,8,24,55,29,51,14,23,27,58,31,5,48,24,65
reg_6611,1,7,7,13,1,37,8,5,14,1,17,2,30,2,12
reg_6612,1,1,1,47,1,90,5,1,1,1,16,8,12,1,1
reg_6613,53,62,91,117,65,171,189,62,132,109,22,5,29,7,28
reg_6614,92,117,180,169,169,227,166,148,144,50,48,9,45,1,1
reg_6615,16,13,21,53,1,62,9,44,1,7,4,10,1,1,1
reg_6616,74,163,71,105,78,76,195,234,176,135,36,7,31,1,52
reg_6617,51,55,35,67,39,79,52,60,186,34,13,1,18,12,36
reg_6618,123,147,91,126,156,180,208,187,272,171,83,12,77,50,258
reg_6619,228,238,181,184,284,284,433,369,357,262,105,15,134,65,425
reg_6620,205,72,26,186,126,172,185,211,242,99,124,39,263,329,361
reg_6621,1,1,9,18,4,16,21,19,36,1,20,16,53,28,42
reg_6622,7,1,1,33,1,42,1,35,30,9,24,12,20,28,54
reg_6623,3,1,1,72,1,1,12,33,79,1,8,11,1,1,1
reg_6624,9,18,7,83,23,39,27,46,58,22,11,3,5,1,10
reg_6625,1,88,1,70,33,94,29,97,116,16,23,6,40,9,66
reg_6626,1,133,1,168,9,144,1,21,156,29,74,11,57,65,59
reg_6627,10,10,20,14,24,1,25,1,31,19,14,1,11,4,24
reg_6628,1,37,35,73,20,51,31,29,51,58,69,5,81,58,118
reg_6629,2,1,1,1,1,2,2,1,9,1,28,11,27,27,33
reg_6630,14,67,1,23,8,94,65,3,63,9,48,1,41,18,25
reg_6631,1,72,33,60,23,24,96,26,93,52,42,20,68,35,119
reg_6632,1,233,300,475,319,217,745,253,423,163,169,60,259,235,402
reg_6633,27,53,44,72,41,148,152,60,190,29,69,1,31,21,121
reg_6634,1,70,30,193,1,46,61,57,71,29,101,31,155,66,297
reg_6635,1,66,12,15,2,6,22,5,146,1,61,18,84,64,149
reg_6636,1,1,5,4,2,1,1,1,17,1,31,12,1,8,39
reg_6637,9,36,33,31,16,1,15,1,26,9,37,1,51,37,83
reg_6638,40,56,47,79,58,55,38,24,42,41,40,5,63,58,168
reg_6639,29,34,29,57,13,32,21,19,17,20,5,1,39,13,77
reg_6640,12,82,129,154,105,489,30,109,250,31,66,20,27,6,12
reg_6641,1,20,32,138,22,36,17,18,62,6,24,1,12,3,21
reg_6642,11,10,19,48,8,69,13,9,30,11,2,1,12,1,1
reg_6643,1,19,1,112,24,78,24,29,22,10,26,5,29,8,1
reg_6644,30,42,1,84,1,1,117,1,240,34,42,6,30,1,1
reg_6645,10,94,280,222,3,11,439,165,229,96,98,1,95,61,130
reg_6646,155,138,589,253,1,1,1091,490,1114,227,206,31,179,96,180
reg_6647,86,250,237,520,1,1,1063,365,1505,784,279,48,161,143,85
reg_6648,26,156,287,167,129,5,647,427,814,182,198,36,179,101,345
reg_6649,1,1,15,12,3,7,14,14,63,44,37,12,1,2,17
reg_6650,21,27,60,61,18,29,73,42,91,63,78,13,84,88,148
reg_6651,21,9,56,40,3,33,15,52,105,7,49,20,20,1,20
reg_6652,155,180,165,104,161,405,245,326,304,147,101,46,72,62,135
reg_6653,19,6,53,125,24,63,51,71,44,35,29,8,10,17,40
reg_6654,271,50,372,405,409,343,435,240,340,221,124,54,251,93,415
reg_6655,34,11,39,62,24,115,37,29,35,9,46,6,48,22,34
reg_6656,1,1,7,10,1,3,6,10,8,1,1,1,27,1,42
reg_6657,313,245,331,727,338,534,676,400,373,310,334,160,730,477,950
reg_6658,42,103,79,105,12,85,143,78,122,27,84,39,109,74,143
reg_6659,70,174,193,278,140,168,265,139,136,23,174,61,332,125,300
reg_6660,1,17,21,84,34,38,100,54,31,31,43,16,117,69,162
reg_6661,21,13,3,69,10,31,7,8,33,4,41,5,52,42,55
reg_6662,1,1,39,11,2,15,80,30,111,3,37,21,39,32,45
reg_6663,24,34,27,58,70,27,53,37,107,20,18,7,27,17,106
reg_6664,1,1,19,60,21,1,26,19,54,1,7,8,9,1,5
reg_6665,3,1,3,1,12,2,14,12,7,36,13,3,48,15,72
reg_6666,1,1,4,36,29,12,52,12,21,13,68,12,50,41,94
reg_6667,16,21,66,88,19,95,69,105,157,1,58,13,84,3,176
reg_6668,1,10,18,1,9,1,5,1,1,1,40,14,73,70,99
reg_6669,3,2,16,7,7,1,15,1,27,2,12,12,20,19,56
reg_6670,1,1,1,1,1,10,1,1,1,1,28,4,45,25,57
reg_6671,10,1,24,29,17,21,21,9,24,1,56,5,38,32,89
reg_6672,36,51,56,40,75,23,52,63,65,21,85,27,126,109,142
reg_6673,5,4,51,1,28,7,17,14,50,10,10,2,1,1,4
reg_6674,1,1,4,7,1,1,1,1,10,7,26,1,27,35,40
reg_6675,3,1,17,8,1,18,1,34,114,1,19,6,1,1,1
reg_6676,1,19,7,1,23,1,1,1,40,4,27,16,23,4,58
reg_6677,13,3,47,2,3,1,21,1,191,14,23,1,49,35,33
reg_6678,18,40,21,1,33,9,25,5,1,58,30,4,3,8,30
reg_6679,29,63,63,1,73,41,100,102,73,85,22,15,24,47,38
reg_6680,9,14,1,2,16,27,1,33,28,29,10,11,1,1,1
reg_6681,4,70,41,1,31,131,32,70,29,19,14,2,8,11,33
reg_6682,1,31,1,1,8,19,46,30,14,20,18,9,28,15,58
reg_6683,10,45,25,30,15,128,42,82,33,1,4,18,12,4,1
reg_6684,3,13,27,1,39,65,24,30,17,40,38,10,42,50,174
reg_6685,80,72,42,69,92,147,66,75,64,11,28,10,90,40,206
reg_6686,57,18,12,39,35,53,8,37,46,4,57,28,59,7,93
reg_6687,10,2,13,22,17,49,27,15,65,21,14,17,24,10,30
reg_6688,1,1,19,44,9,65,6,1,10,1,15,8,1,1,1
reg_6689,5,4,11,9,7,14,7,8,21,7,18,9,8,4,25
reg_6690,1,1,1,24,1,10,1,12,1,3,46,9,65,87,59
reg_6691,8,1,1,1,1,1,5,65,46,1,5,17,1,1,1
reg_6692,54,125,31,1,80,6,43,38,89,12,47,24,90,12,77
reg_6693,1,1,25,1,1,1,140,19,10,220,68,38,38,1,33
reg_6694,1,1,39,1,18,1,150,13,12,207,51,26,51,18,72
reg_6695,1,5,35,1,8,1,63,8,9,32,16,9,32,9,35
reg_6696,9,15,13,1,1,1,28,13,4,45,24,1,36,6,53
reg_6697,1,41,132,1,60,1,270,30,8,203,114,64,191,167,428
reg_6698,1,287,84,9,41,47,78,13,436,38,91,35,109,58,190
reg_6699,17,17,8,1,1,32,50,27,65,38,30,2,51,47,137
reg_6700,33,1,4,21,5,84,20,1,48,1,11,1,1,1,1
reg_6701,43,1,19,1,1,475,70,73,128,1,68,36,1,5,1
reg_6702,1,11,20,41,41,39,15,11,49,7,32,1,29,1,26
reg_6703,1,38,22,1,30,1,22,77,91,22,33,11,1,1,10
reg_6704,5,25,65,20,25,1,49,13,112,1,26,1,11,1,11
reg_6705,21,98,115,106,100,67,183,50,235,118,85,39,143,141,278
reg_6706,5,1,1,1,55,5,14,24,270,1,25,6,1,1,1
reg_6707,21,34,1,37,30,1,1,29,390,2,29,10,1,1,1
reg_6708,1,1,1,20,1,1,3,5,17,1,58,1,88,88,256
reg_6709,10,1,1,7,1,1,15,7,9,1,94,21,98,162,90
reg_6710,2,1,17,1,1,9,3,8,12,8,19,1,23,9,23
reg_6711,14,1,51,1,64,1,117,1,1,19,22,12,1,1,1
reg_6712,15,1,25,75,39,7,43,1,198,7,22,1,1,1,1
reg_6713,51,86,90,28,91,1,130,1,176,53,5,10,36,4,33
reg_6714,14,9,4,8,20,1,1,1,25,1,8,1,1,1,7
reg_6715,2,3,20,26,11,5,1,1,1,1,53,21,101,56,143
reg_6716,4,1,8,9,5,9,1,1,7,1,26,5,8,19,21
reg_6717,1,1,7,50,15,3,1,27,117,3,7,1,6,2,1
reg_6718,16,2,14,20,3,1,7,41,104,74,10,1,1,1,1
reg_6719,1,22,20,61,6,2,1,44,110,80,12,2,19,19,89
reg_6720,26,12,29,25,22,50,63,51,51,27,29,10,44,49,66
reg_6721,105,48,136,173,96,156,194,174,193,97,132,68,389,280,466
reg_6722,10,12,9,53,19,70,89,30,39,1,39,25,80,37,136
reg_6723,47,32,33,95,12,76,35,96,95,1,43,12,67,25,54
reg_6724,6,1,9,7,1,9,1,12,8,1,29,6,35,41,34
reg_6725,146,97,206,119,127,196,229,95,72,37,198,46,453,245,271
reg_6726,65,3,60,66,27,95,16,73,142,16,51,16,78,69,50
reg_6727,304,42,236,818,183,1433,545,475,513,168,382,121,817,489,602
reg_6728,1,1,1,1,1,1,1,6,1,5,10,1,41,15,57
reg_6729,2,10,25,26,5,5,10,36,16,14,27,2,1,1,61
reg_6730,1,77,37,24,37,2,26,33,91,6,124,15,173,80,233
reg_6731,61,56,81,84,33,97,62,66,226,19,78,22,23,1,49
reg_6732,1,1,24,22,11,5,5,16,50,1,22,14,18,8,31
reg_6733,1,11,183,205,30,192,1,274,615,24,105,59,5,7,16
reg_6734,11,18,50,175,8,120,10,18,114,1,53,1,1,1,1
reg_6735,4,1,10,31,15,1,1,18,60,1,19,17,15,1,10
reg_6736,4,5,59,25,27,14,16,75,185,1,16,13,26,1,1
reg_6737,1,20,53,64,79,24,51,61,227,4,28,7,23,19,13
reg_6738,1,39,105,43,132,17,96,86,200,3,25,1,41,44,28
reg_6739,1,15,58,1,78,35,77,102,119,58,36,6,1,1,20
reg_6740,45,28,57,75,16,66,115,76,81,22,74,4,69,59,129
reg_6741,90,129,172,5,35,30,198,126,198,35,17,21,1,6,1
reg_6742,1,62,99,208,85,166,250,217,202,129,136,50,119,109,289
reg_6743,417,339,423,485,459,606,1030,691,652,418,353,111,550,315,906
reg_6744,53,28,32,35,30,25,60,16,143,5,41,19,63,4,58
reg_6745,7,24,8,10,21,4,30,7,60,5,31,10,62,26,82
reg_6746,31,30,25,27,38,44,52,33,56,19,39,19,23,16,65
reg_6747,7,1,9,18,7,6,4,58,31,2,6,1,1,1,1
reg_6748,5,3,1,14,1,13,21,42,16,1,1,2,1,1,1
reg_6749,51,20,39,114,32,147,144,108,102,57,35,8,55,39,27
reg_6750,1,1,1,5,1,56,8,35,1,1,42,14,17,37,127
reg_6751,10,1,1,42,4,21,5,57,1,1,96,21,91,66,165
reg_6752,1,1,3,1,1,1,4,1,2,8,12,3,25,16,19
reg_6753,81,23,108,115,108,171,206,99,74,47,19,14,40,19,32
reg_6754,83,33,111,439,123,134,177,122,284,65,48,22,35,12,45
reg_6755,397,168,69,238,124,85,115,191,318,2,51,18,1,1,1
reg_6756,8,4,73,15,1,53,1,58,103,1,20,18,1,1,1
reg_6757,1,2,1,1,1,17,14,2,1,1,4,2,16,7,16
reg_6758,11,1,25,45,13,110,26,37,24,34,57,32,43,6,7
reg_6759,1,24,31,40,23,115,38,18,136,21,23,8,44,18,23
reg_6760,1,1,10,16,1,183,2,7,69,1,42,1,28,5,6
reg_6761,1,1,1,59,1,61,9,25,45,5,8,4,1,1,1
reg_6762,1,1,18,97,1,142,27,39,8,8,52,14,47,37,21
reg_6763,1,1,11,129,1,57,1,10,20,1,14,17,1,1,1
reg_6764,99,195,163,153,276,156,220,211,130,100,98,51,155,74,193
reg_6765,535,343,665,479,697,546,1060,472,419,503,530,142,800,574,1008
reg_6766,69,65,72,118,185,60,196,62,32,102,147,44,163,125,247
reg_6767,335,205,263,324,370,303,542,313,290,259,222,44,268,189,486
reg_6768,1,1,9,27,34,22,4,13,9,14,1,10,7,1,10
reg_6769,23,11,3,115,60,101,10,64,70,18,32,1,41,20,37
reg_6770,19,10,34,19,56,89,99,21,3,1,20,1,36,33,75
reg_6771,144,35,225,245,246,324,530,195,276,164,175,46,272,174,413
reg_6772,1,1,1,4,3,6,5,2,6,1,25,10,22,26,53
reg_6773,1,10,11,134,1,11,1,68,103,5,13,38,1,1,1
reg_6774,1,4,1,1,1,1,1,1,30,1,26,8,25,18,75
reg_6775,15,22,32,35,28,11,1,135,84,19,11,1,1,2,1
reg_6776,5,1,6,4,1,25,7,36,37,20,5,1,1,1,1
reg_6777,6,1,1,24,18,9,8,6,116,1,3,3,1,1,1
reg_6778,18,1,1,8,1,58,1,5,21,1,35,3,92,39,169
reg_6779,1,19,1,64,1,41,1,5,2,42,30,1,36,20,39
reg_6780,3,1,1,60,1,25,1,33,113,131,17,9,1,1,1
reg_6781,20,78,38,76,26,128,37,24,145,56,27,9,22,7,78
reg_6782,1,22,34,54,16,104,2,1,69,38,20,1,8,4,6
reg_6783,20,27,30,54,34,51,27,26,52,39,1,4,8,24,56
reg_6784,46,107,192,252,51,47,98,48,378,65,57,25,24,47,84
reg_6785,61,103,145,181,74,5,73,60,314,123,39,1,16,8,28
reg_6786,38,1,38,53,7,47,45,16,34,1,156,43,125,67,191
reg_6787,6,4,24,34,18,18,28,31,46,25,69,27,70,55,93
reg_6788,96,56,48,62,29,6,6,34,49,5,27,1,1,2,10
reg_6789,298,230,116,279,90,185,253,242,237,54,116,54,226,185,303
reg_6790,21,29,14,123,21,47,1,22,30,6,12,25,60,41,76
reg_6791,30,8,10,39,2,17,14,11,23,1,3,1,1,1,1
reg_6792,30,6,14,36,13,9,40,36,94,4,9,4,1,5,1
reg_6793,1,2,26,50,7,1,18,9,69,11,11,1,1,5,2
reg_6794,1,1,1,30,6,3,8,22,42,1,13,5,12,1,5
reg_6795,22,5,18,49,6,23,8,10,29,1,47,5,30,6,95
reg_6796,6,1,1,2,1,18,4,7,12,1,1,1,7,13,11
reg_6797,1,10,5,4,1,3,4,7,9,1,17,1,28,1,24
reg_6798,14,17,29,52,5,31,30,8,50,1,78,11,20,12,77
reg_6799,15,5,48,96,29,43,45,25,36,1,76,26,55,22,115
reg_6800,1,1,23,50,13,89,65,1,31,8,71,18,90,73,113
reg_6801,1,85,20,16,143,72,105,88,159,42,66,1,44,50,116
reg_6802,1,1,1,29,10,1,5,1,5,53,73,22,104,59,128
reg_6803,1,4,9,1,9,12,1,6,10,1,44,9,29,21,44
reg_6804,1,1,11,20,1,14,1,7,37,6,104,37,151,67,195
reg_6805,1,11,26,24,7,14,21,34,28,10,88,9,77,74,120
reg_6806,29,1,40,79,29,35,19,15,25,18,65,23,88,22,141
reg_6807,1,2,4,50,9,18,1,1,8,1,76,20,85,72,121
reg_6808,1,57,42,116,28,122,124,96,84,61,145,49,224,173,358
reg_6809,10,37,22,8,11,23,31,37,38,9,41,1,1,2,24
reg_6810,1,26,33,57,29,48,58,37,22,7,58,18,14,28,53
reg_6811,1,3,11,9,22,15,8,1,8,1,26,7,6,6,28
reg_6812,13,1,1,16,4,17,9,7,14,2,24,7,21,4,29
reg_6813,48,137,107,176,118,173,195,241,273,63,196,10,127,56,286
reg_6814,89,91,101,298,131,173,288,146,191,46,157,38,184,87,323
reg_6815,12,1,1,71,21,47,39,24,37,2,26,4,12,7,13
reg_6816,4,10,14,51,4,35,10,7,14,12,30,1,9,7,19
reg_6817,103,181,112,305,281,164,323,210,225,85,296,62,528,323,686
reg_6818,12,15,1,124,10,43,17,23,55,15,63,25,36,10,65
reg_6819,4,1,4,11,1,1,1,5,1,1,38,10,37,17,72
reg_6820,1,4,27,47,7,14,3,47,1,1,36,1,10,22,33
reg_6821,40,86,18,39,8,1,24,150,21,17,34,1,33,1,36
reg_6822,1,1,1,3,1,7,11,7,1,1,33,8,52,12,41
reg_6823,8,63,6,1,1,1,1,1,42,1,22,8,1,1,1
reg_6824,1,1,14,1,11,1,25,3,47,18,28,4,16,19,61
reg_6825,1,38,36,1,73,26,93,2,110,49,59,19,96,58,186
reg_6826,1,1,1,1,1,1,5,5,26,1,27,1,28,30,95
reg_6827,1,1,1,2,1,1,1,1,65,1,54,13,45,25,83
reg_6828,1,3,117,16,15,170,121,149,85,31,148,54,310,221,339
reg_6829,1,1,5,1,1,7,1,11,10,1,80,1,82,81,208
reg_6830,1,13,23,2,4,1,10,1,2,1,16,16,47,42,28
reg_6831,1,2,39,5,25,35,23,39,24,1,94,17,216,92,324
reg_6832,3,3,16,83,7,22,1,40,99,14,15,3,22,5,7
reg_6833,1,1,14,25,10,15,26,14,10,1,19,9,45,3,35
reg_6834,1,1,49,1,49,1,1,7,5,1,1,8,1,2,10
reg_6835,86,1,26,136,52,22,34,129,44,1,1,13,16,1,1
reg_6836,1,1,100,110,44,77,153,90,123,160,36,1,43,33,112
reg_6837,1,1,1,1,13,1,12,15,1,1,30,27,49,11,83
reg_6838,1,1,8,1,1,3,4,37,1,8,67,1,80,48,243
reg_6839,67,92,136,5,108,53,55,38,43,1,4,1,1,1,1
reg_6840,40,24,64,54,19,156,40,91,125,33,13,7,1,1,1
reg_6841,16,1,63,26,10,83,1,24,42,28,2,3,1,1,1
reg_6842,5,1,8,14,1,1,5,4,44,9,7,4,1,4,3
reg_6843,4,1,19,22,6,18,1,91,92,4,43,20,58,28,126
reg_6844,1,1,6,1,1,1,2,4,2,1,28,5,23,23,54
reg_6845,5,5,63,186,56,23,63,109,183,106,189,71,343,221,499
reg_6846,6,17,20,5,22,5,17,16,65,25,10,1,20,46,39
reg_6847,3,85,140,1,125,87,101,61,169,12,51,1,13,13,46
reg_6848,1,17,27,9,1,23,1,9,31,6,40,11,81,40,66
reg_6849,8,12,8,2,17,3,41,7,2,1,19,7,48,22,59
reg_6850,19,19,27,31,47,55,147,7,62,9,72,25,68,55,114
reg_6851,1,9,4,9,1,11,2,1,14,1,43,1,33,29,97
reg_6852,1,12,1,13,47,15,133,39,54,51,95,30,128,99,237
reg_6853,14,2,4,8,14,11,21,7,40,4,13,10,8,6,56
reg_6854,22,1,15,35,24,32,46,30,133,9,48,5,32,17,83
reg_6855,17,6,49,49,40,59,78,17,126,79,144,16,126,89,271
reg_6856,16,17,17,21,2,24,12,1,24,8,33,1,31,8,48
reg_6857,23,25,28,7,33,55,59,47,45,27,47,5,81,55,113
reg_6858,33,60,100,199,96,191,167,98,93,72,50,19,67,40,142
reg_6859,7,18,10,29,1,36,11,1,28,1,1,1,3,1,1
reg_6860,129,109,67,273,124,207,135,238,133,62,109,40,47,5,86
reg_6861,1,37,4,34,11,93,11,76,84,1,26,1,1,1,1
reg_6862,31,27,39,306,17,140,13,71,32,29,38,16,1,1,1
reg_6863,11,33,20,55,27,76,30,56,85,19,12,6,8,1,21
reg_6864,12,8,4,1,3,19,8,6,43,10,22,11,1,2,32
reg_6865,2,1,68,138,17,36,208,18,1,48,27,18,1,12,40
reg_6866,57,11,164,96,204,79,527,103,47,259,90,40,176,150,562
reg_6867,1,3,7,39,1,51,36,1,16,1,18,27,1,1,1
reg_6868,241,233,85,715,92,370,225,368,327,240,79,45,42,1,68
reg_6869,24,3,1,23,2,1,5,1,24,1,6,1,1,1,1
reg_6870,26,15,86,138,46,47,130,26,187,43,51,20,47,50,120
reg_6871,1,1,1,15,10,9,16,13,17,1,12,6,15,5,13
reg_6872,97,84,88,158,96,124,152,98,126,43,43,35,60,61,137
reg_6873,32,8,15,104,13,117,1,27,35,2,29,29,1,1,1
reg_6874,42,11,14,76,23,40,41,44,36,21,11,1,1,1,1
reg_6875,41,19,2,54,14,49,19,33,33,14,11,10,1,3,1
reg_6876,1,10,5,1,13,1,7,13,65,1,10,1,1,12,9
reg_6877,8,3,15,23,17,26,13,1,36,14,42,3,30,28,47
reg_6878,10,23,10,50,2,28,15,11,66,1,70,23,110,132,150
reg_6879,49,35,47,80,16,34,27,77,219,32,6,11,38,17,61
reg_6880,22,50,38,112,24,73,36,66,203,35,50,9,13,6,80
reg_6881,14,24,68,76,16,66,88,19,72,8,140,1,26,54,201
reg_6882,7,1,24,34,11,21,40,12,35,5,36,3,22,24,52
reg_6883,18,3,45,30,19,49,76,33,30,9,44,7,25,28,73
reg_6884,85,84,147,262,155,221,354,122,246,133,236,51,273,215,594
reg_6885,8,51,67,69,78,18,65,54,86,46,46,15,96,86,270
reg_6886,12,47,8,73,15,24,30,15,70,25,45,1,106,49,145
reg_6887,1,32,1,100,9,35,19,3,161,29,35,1,154,20,113
reg_6888,18,47,42,8,63,34,40,44,80,44,25,3,57,43,99
reg_6889,1,12,2,29,10,20,1,12,92,8,38,1,38,23,67
reg_6890,18,14,39,163,50,98,110,133,116,57,172,41,161,113,544
reg_6891,1,23,59,121,42,69,97,108,135,72,79,10,168,197,293
reg_6892,1,8,19,162,6,68,1,38,65,2,29,3,28,11,50
reg_6893,18,39,19,22,1,23,18,16,62,11,21,11,25,4,8
reg_6894,9,45,109,274,98,206,236,92,108,111,119,38,200,201,324
reg_6895,1,16,32,17,8,11,19,3,20,14,2,8,11,27,75
reg_6896,11,8,18,11,7,27,1,10,27,1,18,8,31,19,47
reg_6897,11,20,27,27,44,22,7,14,71,7,28,4,17,4,12
reg_6898,1,2,24,8,14,21,11,1,14,1,39,22,16,36,69
reg_6899,1,1,10,106,13,47,30,9,50,1,42,14,72,50,90
reg_6900,47,1,146,142,6,76,79,84,31,16,13,1,1,1,29
reg_6901,16,4,51,59,3,44,11,57,37,24,38,1,18,14,71
reg_6902,1,32,29,49,5,22,1,24,38,3,91,32,126,113,291
reg_6903,124,111,196,307,224,283,339,214,257,197,258,64,959,806,1225
reg_6904,31,1,59,232,52,90,66,43,51,69,71,25,32,2,3
reg_6905,14,13,5,9,34,21,38,3,83,41,8,1,1,3,1
reg_6906,29,59,52,26,65,74,92,114,169,36,14,1,1,1,7
reg_6907,313,470,197,179,292,476,571,426,1045,272,107,1,132,55,184
reg_6908,106,93,59,229,185,322,190,80,280,83,46,7,197,98,129
reg_6909,16,33,35,40,61,45,57,29,90,22,39,8,78,68,155
reg_6910,20,8,9,34,38,31,41,21,28,17,15,1,36,41,100
reg_6911,9,22,14,39,15,20,10,8,46,30,2,1,17,19,49
reg_6912,14,14,53,27,24,32,49,22,57,35,41,7,19,15,61
reg_6913,26,38,22,75,64,64,52,33,79,25,36,9,70,19,58
reg_6914,1,13,3,27,11,14,12,11,10,2,3,11,7,4,34
reg_6915,70,185,134,271,216,177,232,221,276,165,133,16,147,73,297
reg_6916,17,9,29,68,14,49,22,31,39,14,83,19,31,13,88
reg_6917,10,27,33,29,37,62,69,15,52,41,17,6,4,8,18
reg_6918,441,539,454,1244,538,999,1105,824,727,531,462,133,832,430,1560
reg_6919,196,208,226,390,226,363,391,461,277,228,326,89,584,434,794
reg_6920,46,28,56,100,38,88,162,41,124,71,113,34,74,59,142
reg_6921,9,14,8,84,8,2,12,1,34,1,44,1,10,2,32
reg_6922,15,9,1,136,12,35,14,16,42,1,47,7,70,26,92
reg_6923,6,4,1,53,8,1,1,1,10,1,34,4,40,4,46
reg_6924,13,50,57,95,46,61,73,62,69,17,60,19,112,44,178
reg_6925,8,42,32,135,35,134,108,82,43,33,64,18,74,30,75
reg_6926,7,19,17,48,8,55,19,7,16,6,41,5,13,3,34
reg_6927,7,14,59,118,53,83,37,49,74,30,97,5,60,46,144
reg_6928,518,538,314,863,491,769,934,382,736,386,626,197,981,581,1305
reg_6929,213,406,370,832,501,543,890,424,455,453,432,144,641,420,938
reg_6930,3,7,6,32,1,19,21,10,21,16,38,8,52,17,72
reg_6931,1,15,18,81,86,152,70,9,86,26,70,33,39,33,53
reg_6932,126,184,555,527,834,393,813,342,697,733,362,94,421,215,553
reg_6933,5,1,13,18,5,20,1,2,11,1,27,10,22,12,53
reg_6934,13,1,11,17,2,29,23,1,9,3,46,1,68,28,141
reg_6935,31,57,105,111,159,100,174,28,107,91,137,60,295,170,497
reg_6936,34,46,86,196,57,150,72,78,85,15,122,72,293,140,359
reg_6937,1,2,1,29,6,19,1,12,13,5,19,2,48,26,28
reg_6938,1,1,13,15,1,1,11,22,1,1,122,8,97,71,125
reg_6939,1,3,11,6,7,14,14,4,34,1,20,11,29,12,57
reg_6940,24,19,19,48,40,41,36,66,86,39,39,1,25,15,69
reg_6941,5,4,14,8,10,9,18,4,6,6,44,8,70,29,63
reg_6942,13,7,1,1,1,1,17,17,46,1,50,9,11,34,105
reg_6943,14,12,28,41,19,39,70,33,86,74,100,2,63,59,152
reg_6944,9,14,33,105,28,53,51,31,55,32,137,25,99,91,150
reg_6945,1,33,39,61,40,3,55,23,46,95,55,16,77,47,120
reg_6946,1,121,136,215,208,105,251,65,134,109,257,82,391,315,745
reg_6947,6,12,3,5,5,7,4,1,11,4,22,5,28,1,45
reg_6948,1,12,8,9,21,1,16,1,24,7,20,9,12,4,39
reg_6949,12,75,184,207,260,30,402,76,225,175,148,18,204,162,437
reg_6950,1,12,3,43,18,16,23,7,42,26,13,10,32,13,66
reg_6951,16,23,128,19,49,38,36,33,31,8,8,1,1,3,11
reg_6952,7,8,51,26,31,27,50,15,23,18,20,1,41,18,53
reg_6953,4,37,58,55,27,82,73,24,26,29,7,2,1,2,14
reg_6954,1,25,55,26,24,86,33,11,78,40,22,7,15,5,17
reg_6955,3,265,142,238,246,254,231,147,205,243,35,1,129,24,77
reg_6956,1,81,128,113,156,125,199,83,107,171,86,47,235,182,264
reg_6957,1,31,1,1,4,29,9,2,47,1,19,18,84,38,60
reg_6958,1,11,12,6,11,13,9,7,31,8,16,8,48,37,52
reg_6959,1,133,87,225,19,16,94,48,229,15,206,62,348,176,544
reg_6960,1,36,1,1,6,1,14,6,10,1,37,4,16,12,13
reg_6961,1,13,8,40,5,39,21,71,113,21,55,11,58,68,136
reg_6962,2,45,64,123,1,49,26,35,111,14,109,14,134,117,208
reg_6963,7,11,14,24,1,15,1,12,33,1,6,5,1,11,12
reg_6964,22,128,103,167,112,161,93,327,415,38,249,48,437,257,510
reg_6965,1,17,7,28,1,1,1,20,87,1,51,1,35,11,40
reg_6966,1,1,12,2,6,6,1,1,38,17,28,1,34,4,8
reg_6967,1,1,9,2,2,1,13,3,12,6,10,1,3,3,19
reg_6968,94,88,66,389,83,226,98,100,189,123,223,138,1139,786,1901
reg_6969,50,25,67,174,58,110,79,84,154,60,139,42,339,248,789
reg_6970,185,123,292,456,285,345,409,343,528,265,428,206,1943,1455,3486
reg_6971,13,35,14,50,41,17,27,30,48,32,62,6,53,15,68
reg_6972,6,15,4,61,15,10,1,12,51,5,29,3,68,8,74
reg_6973,845,963,927,2361,1539,1550,1236,1397,1830,1086,1286,477,4083,2957,7000
reg_6974,89,163,103,389,96,239,75,138,288,40,141,27,42,47,102
reg_6975,96,93,46,264,33,67,17,70,262,1,45,29,5,4,135
reg_6976,81,156,80,243,208,243,165,75,381,54,47,21,43,12,124
reg_6977,31,49,8,139,35,77,8,21,95,9,18,13,5,1,1
reg_6978,8,7,9,42,6,14,21,11,49,1,6,1,8,1,8
reg_6979,36,10,14,45,7,57,2,11,34,3,9,1,1,1,1
reg_6980,24,1,8,1,6,25,1,6,27,1,3,1,7,1,19
reg_6981,1,1,15,16,4,20,1,5,48,14,27,16,43,51,44
reg_6982,1,1,10,12,20,5,9,25,34,1,23,29,46,51,51
reg_6983,232,215,181,1390,232,500,175,353,845,147,738,296,2256,1314,3612
reg_6984,1203,915,1500,2154,1707,2282,2645,1693,1651,1612,1461,338,4236,3342,6552
reg_6985,475,635,786,714,1003,904,1300,861,876,780,738,274,1711,1516,2062
reg_6986,66,31,13,82,68,49,35,13,20,14,27,2,9,3,4
reg_6987,48,93,60,112,172,137,268,78,91,90,61,11,144,126,203
reg_6988,1,11,1,7,1,6,15,16,1,6,6,2,1,1,1
reg_6989,88,112,56,339,139,220,147,92,191,61,72,18,76,125,271
reg_6990,35,57,38,90,81,82,106,57,105,31,60,15,102,41,123
reg_6991,44,49,25,49,37,40,23,22,73,8,16,1,17,10,47
reg_6992,424,481,340,593,635,576,720,549,730,184,154,56,311,259,459
reg_6993,35,73,12,100,48,42,26,36,49,24,26,32,63,30,182
reg_6994,1,1,23,15,12,14,25,36,26,7,61,10,33,28,60
reg_6995,4,1,10,13,3,1,18,4,16,1,17,12,30,17,34
reg_6996,2,8,1,12,4,4,6,16,31,5,25,3,17,13,45
reg_6997,180,342,159,686,396,404,912,464,719,593,319,111,827,532,1872
reg_6998,4,23,31,80,21,56,23,17,62,18,29,1,75,42,150
reg_6999,392,500,614,1553,612,947,1059,813,728,550,499,173,1554,959,2090
reg_7000,7,15,24,9,7,15,2,7,22,5,37,12,44,31,51
reg_7001,17,13,91,66,12,41,65,44,119,54,130,19,109,33,191
reg_7002,55,35,84,94,66,94,133,116,186,100,67,25,193,126,279
reg_7003,55,227,198,259,293,200,388,219,347,112,144,6,194,124,502
reg_7004,25,23,32,51,41,62,38,30,44,26,35,33,1,13,77
reg_7005,60,94,33,169,28,129,113,54,72,24,74,7,86,15,20
reg_7006,1,1,19,66,4,22,32,18,22,6,20,6,49,18,57
reg_7007,8,5,3,35,18,5,16,12,10,1,31,1,25,18,26
reg_7008,2,16,16,34,15,24,42,8,18,19,47,14,65,57,77
reg_7009,181,399,209,212,398,345,579,582,448,166,315,75,625,517,1260
reg_7010,10,29,20,44,9,32,15,39,5,10,18,1,35,7,61
reg_7011,63,113,4,1,26,192,1,63,108,1,1,1,1,1,1
reg_7012,44,114,14,94,45,137,4,16,10,16,28,13,1,1,1
reg_7013,10,29,21,83,19,134,5,46,16,1,17,11,1,3,1
reg_7014,1,1,4,16,1,5,8,32,30,2,20,4,18,2,35
reg_7015,2,14,30,48,29,41,33,86,100,36,74,12,99,59,221
reg_7016,7,43,26,1,22,54,4,118,119,18,13,1,1,2,25
reg_7017,18,36,30,59,64,48,46,56,65,37,35,6,111,104,168
reg_7018,172,162,301,320,56,420,283,505,291,210,114,43,86,70,148
reg_7019,1,1,9,3,1,10,10,61,87,1,6,6,1,1,1
reg_7020,1,9,1,13,31,4,1,29,219,1,54,5,68,13,74
reg_7021,5,11,22,73,7,54,13,9,257,1,25,13,1,1,1
reg_7022,34,56,97,1,43,32,60,215,155,48,63,16,56,16,107
reg_7023,1,93,45,167,131,20,69,24,115,8,96,25,227,163,392
reg_7024,1,4,7,8,3,1,3,1,5,1,13,2,33,30,47
reg_7025,13,1,49,88,23,108,55,19,39,22,46,9,1,13,39
reg_7026,16,19,32,82,18,88,63,46,77,17,33,2,67,78,199
reg_7027,19,35,52,154,75,121,103,55,167,54,36,28,37,20,43
reg_7028,1,21,3,47,21,25,15,11,19,25,1,1,4,2,16
reg_7029,5,2,3,6,1,7,15,15,13,4,22,10,19,9,56
reg_7030,11,11,26,93,10,104,66,57,61,51,101,43,272,192,459
reg_7031,7,12,33,17,13,21,47,33,37,22,24,8,44,56,124
reg_7032,1,4,11,7,10,22,29,9,9,9,12,1,15,15,26
reg_7033,2,7,25,50,26,27,22,28,57,17,26,2,1,5,28
reg_7034,1,1,8,22,5,29,1,8,24,5,17,8,1,13,28
reg_7035,14,55,55,88,45,59,34,43,55,10,76,16,157,82,93
reg_7036,8,8,69,65,34,66,52,59,77,66,61,1,123,115,158
reg_7037,1,1,12,13,1,19,22,13,11,7,49,1,26,42,41
reg_7038,27,20,52,85,48,82,95,79,107,49,52,11,73,66,192
reg_7039,12,6,7,37,15,30,21,28,24,22,8,2,27,12,91
reg_7040,38,2,67,66,44,81,266,55,54,41,192,40,295,212,384
reg_7041,20,15,39,67,16,42,140,35,61,19,35,1,36,24,94
reg_7042,59,34,83,175,98,160,132,91,193,77,137,46,147,79,277
reg_7043,22,29,17,37,20,59,44,50,44,33,3,15,59,49,100
reg_7044,20,60,52,63,76,84,121,57,170,62,66,8,104,90,254
reg_7045,22,24,20,80,27,138,54,17,139,40,83,23,25,13,95
reg_7046,66,48,142,278,57,186,136,113,102,141,135,66,313,125,419
reg_7047,246,252,360,557,419,488,618,375,549,459,392,93,1232,895,1826
reg_7048,52,60,140,137,92,117,139,98,222,125,76,1,122,69,235
reg_7049,12,6,10,83,8,48,20,76,92,45,1,1,1,6,17
reg_7050,10,3,17,37,2,14,7,38,34,1,20,4,54,31,86
reg_7051,90,83,173,349,146,174,252,160,265,174,222,82,381,250,457
reg_7052,17,33,57,88,17,58,52,43,79,16,14,33,64,36,61
reg_7053,1,5,19,30,12,25,12,31,18,9,74,7,136,69,177
reg_7054,52,156,126,68,59,77,138,97,56,66,7,1,16,1,10
reg_7055,1,1,21,3,3,5,4,2,1,8,17,1,18,21,21
reg_7056,1,13,15,68,1,4,7,2,48,1,3,1,1,1,1
reg_7057,15,119,57,137,59,39,67,59,165,56,47,27,220,122,236
reg_7058,1,4,5,25,20,1,24,2,8,8,24,6,82,36,105
reg_7059,6,30,66,68,110,53,133,39,60,107,168,39,478,215,545
reg_7060,1,12,7,4,2,9,16,4,50,23,3,1,29,11,45
reg_7061,8,1,1,1,1,1,19,17,46,30,24,8,66,23,108
reg_7062,1,1,112,1,9,83,126,59,161,90,34,45,30,20,23
reg_7063,2,1,33,5,1,9,10,1,34,1,27,16,29,9,74
reg_7064,15,1,134,4,71,20,156,17,171,29,28,19,13,1,39
reg_7065,1,1,7,33,12,24,47,17,76,19,22,1,48,12,48
reg_7066,5,7,23,26,8,1,12,19,16,1,1,1,33,5,8
reg_7067,1,1,15,43,16,11,56,26,70,3,20,12,42,24,49
reg_7068,96,228,132,397,80,344,213,128,308,147,19,8,28,13,33
reg_7069,9,1,21,23,2,12,13,18,72,1,28,1,28,42,69
reg_7070,1,1,12,2,5,1,1,1,4,1,82,14,63,75,13
reg_7071,33,28,9,279,51,31,3,42,79,1,42,15,12,22,84
reg_7072,1,8,5,6,1,9,1,2,41,1,38,1,32,21,43
reg_7073,20,176,223,311,294,107,348,269,360,173,160,49,353,275,545
reg_7074,3,17,1,1,4,1,1,1,5,1,1,7,81,12,88
reg_7075,1,71,6,66,23,5,20,2,97,1,73,50,194,74,277
reg_7076,1,6,6,2,1,1,1,1,15,1,3,9,12,1,19
reg_7077,7,17,5,1,1,34,22,14,71,1,42,29,47,36,95
reg_7078,2,1,7,1,1,2,1,1,8,1,47,14,29,45,98
reg_7079,1,10,1,39,1,9,1,1,55,1,87,52,186,71,331
reg_7080,1,1,32,12,7,3,14,1,59,1,17,1,1,1,1
reg_7081,13,17,17,16,30,2,44,12,79,19,43,16,43,20,128
reg_7082,3,1,1,29,1,4,11,19,10,1,21,8,26,8,34
reg_7083,1,42,16,23,14,35,6,17,125,1,13,1,1,1,14
reg_7084,37,94,92,243,61,94,54,124,214,18,37,2,4,1,11
reg_7085,9,31,54,185,13,97,10,48,78,11,53,13,90,23,54
reg_7086,17,8,27,67,29,54,58,28,29,21,36,7,63,96,163
reg_7087,16,3,22,27,18,13,6,18,28,10,17,1,30,30,111
reg_7088,1,11,17,42,21,18,27,33,26,16,14,8,42,30,87
reg_7089,14,5,6,2,1,1,1,3,22,1,36,25,60,24,105
reg_7090,26,32,57,226,14,138,110,57,89,68,8,23,20,6,66
reg_7091,11,5,17,12,9,1,2,1,34,1,1,6,1,1,23
reg_7092,1,1,1,52,7,28,9,11,10,1,11,1,1,1,7
reg_7093,45,125,118,220,45,114,185,207,263,87,34,11,1,5,33
reg_7094,17,55,89,282,6,140,149,107,303,115,64,16,66,24,41
reg_7095,26,127,156,79,48,39,72,173,239,31,51,30,3,1,1
reg_7096,25,43,4,129,7,32,39,61,77,1,18,1,28,1,1
reg_7097,12,21,31,9,3,45,8,24,69,3,21,6,1,1,21
reg_7098,5,5,10,28,9,39,12,21,47,1,17,5,6,14,19
reg_7099,21,20,33,16,28,18,12,18,23,6,34,18,75,30,114
reg_7100,1,1,2,8,1,1,1,2,1,1,48,29,44,40,141
reg_7101,85,135,126,245,97,132,169,160,115,136,208,90,364,258,598
reg_7102,5,31,12,77,4,75,1,1,13,1,25,10,23,25,18
reg_7103,12,4,13,42,4,51,1,17,17,1,36,1,24,12,35
reg_7104,96,196,349,352,240,338,106,183,266,62,267,107,525,263,580
reg_7105,33,130,102,33,69,80,7,108,106,1,51,16,14,24,57
reg_7106,1,31,54,137,22,93,21,128,105,24,107,19,139,133,243
reg_7107,118,180,135,304,151,340,137,278,306,209,232,103,403,304,781
reg_7108,1,64,34,124,78,100,30,141,196,61,78,48,164,69,168
reg_7109,9,24,15,28,11,17,6,9,45,4,4,1,21,1,1
reg_7110,6,35,24,27,39,11,62,1,113,6,16,1,17,8,29
reg_7111,252,316,347,321,567,721,683,301,691,215,238,38,272,65,442
reg_7112,746,504,590,1111,1094,1163,1438,739,1267,754,489,196,1042,633,1303
reg_7113,3,1,22,9,2,6,8,1,10,1,26,8,29,15,45
reg_7114,1,19,11,34,1,26,16,4,16,4,23,1,1,8,38
reg_7115,4,7,14,20,4,12,1,1,45,1,2,4,7,2,3
reg_7116,14,18,108,65,64,40,177,35,109,71,50,1,62,26,119
reg_7117,12,16,5,18,17,3,2,1,58,1,3,6,1,1,1
reg_7118,17,1,11,2,4,8,1,1,45,4,9,9,1,1,1
reg_7119,3,6,3,1,12,18,8,33,106,32,19,7,1,1,2
reg_7120,16,2,42,8,62,5,32,81,68,22,9,2,1,1,1
reg_7121,1,5,16,11,9,21,2,11,18,12,41,9,45,1,70
reg_7122,1,1,17,20,1,34,16,31,184,1,34,20,1,1,1
reg_7123,66,27,7,13,32,81,26,6,104,3,12,18,51,13,32
reg_7124,25,9,1,11,23,29,1,28,120,1,5,1,5,17,39
reg_7125,81,101,25,1,19,177,1,46,104,1,47,22,6,1,1
reg_7126,16,39,31,56,65,60,28,12,69,1,41,11,62,21,84
reg_7127,79,188,129,134,256,282,204,227,187,88,107,20,155,82,301
reg_7128,378,407,287,425,424,544,610,537,549,372,177,62,249,182,456
reg_7129,6,2,8,3,2,1,1,5,31,1,5,1,30,16,16
reg_7130,3,21,14,6,12,18,19,16,37,16,40,5,44,48,27
reg_7131,1,2,23,11,6,26,16,20,8,14,27,4,26,37,94
reg_7132,24,38,118,46,107,418,383,196,144,83,107,37,298,152,195
reg_7133,1,43,77,41,43,47,44,26,86,16,97,23,194,124,272
reg_7134,3,1,1,10,3,5,1,1,74,1,28,1,45,14,56
reg_7135,1,4,85,1,42,1,1,7,2,2,4,1,1,1,6
reg_7136,24,58,124,34,96,30,267,162,257,139,41,18,74,36,150
reg_7137,5,1,47,48,23,5,38,1,27,43,46,4,138,42,85
reg_7138,16,7,91,65,37,59,171,79,116,173,52,7,105,51,90
reg_7139,202,127,84,104,206,176,157,373,371,106,133,59,119,86,238
reg_7140,16,18,24,75,23,85,23,28,42,36,56,15,94,58,198
reg_7141,1,5,21,79,16,72,96,40,67,69,56,15,75,57,72
reg_7142,2,1,1,6,1,5,1,9,9,3,27,13,18,23,34
reg_7143,36,132,150,228,87,109,163,188,203,78,108,27,241,167,446
reg_7144,18,22,6,5,1,10,6,17,19,1,66,29,122,65,85
reg_7145,82,139,174,150,165,151,200,152,164,138,47,23,132,68,299
reg_7146,10,15,49,60,44,44,32,23,50,17,13,1,8,8,21
reg_7147,67,137,79,192,120,189,162,76,134,116,42,36,77,8,90
reg_7148,1,1,14,31,9,29,16,11,1,22,22,3,11,28,24
reg_7149,5,21,73,86,32,85,56,49,15,67,84,25,107,116,215
reg_7150,1,13,1,1,1,3,1,1,18,1,14,5,8,25,47
reg_7151,3,1,2,2,1,43,4,1,31,1,2,4,1,1,1
reg_7152,1,57,31,64,49,33,97,46,84,116,26,15,29,19,76
reg_7153,1,12,1,1,1,1,1,1,18,1,37,19,77,59,103
reg_7154,1,7,10,8,1,20,6,1,12,15,9,1,6,8,26
reg_7155,1,80,121,67,88,81,308,39,136,242,106,53,279,252,431
reg_7156,2,7,1,9,1,2,5,1,1,1,14,4,27,15,42
reg_7157,1,1,1,23,6,44,22,1,41,18,49,6,46,19,122
reg_7158,11,36,14,40,25,12,20,1,60,1,14,1,1,1,2
reg_7159,13,24,16,55,19,23,26,18,58,21,49,27,51,66,111
reg_7160,5,11,2,265,1,177,6,6,1,1,34,3,16,5,48
reg_7161,1,1,13,11,2,34,3,11,58,7,13,5,47,60,145
reg_7162,3,2,4,6,1,13,4,7,28,7,21,1,89,37,77
reg_7163,8,13,36,103,36,48,113,29,299,13,221,86,399,211,605
reg_7164,1,11,13,57,1,73,33,23,20,1,52,56,239,167,291
reg_7165,3,9,1,6,1,1,1,6,3,1,46,18,52,61,145
reg_7166,1,16,24,35,13,38,17,11,41,8,30,1,90,43,99
reg_7167,2,1,3,11,7,7,24,1,22,1,13,1,31,20,43
reg_7168,3,1,1,12,69,8,28,1,12,1,98,20,156,165,74
reg_7169,19,105,121,167,215,241,273,129,266,125,146,15,311,203,689
reg_7170,91,60,36,1,1,82,1,109,1,1,44,17,1,1,13
reg_7171,1,61,1,12,13,2,14,27,44,17,37,5,15,1,26
reg_7172,10,10,6,29,25,27,35,36,111,19,7,1,18,8,6
reg_7173,1,8,13,19,21,9,35,1,61,21,51,23,32,19,70
reg_7174,66,1,1,15,16,16,4,49,1,1,40,1,11,1,1
reg_7175,37,10,31,25,37,52,26,85,44,1,47,8,69,33,119
reg_7176,1,7,1,19,6,31,30,5,51,4,24,3,2,7,26
reg_7177,4,11,1,2,1,4,10,1,9,1,6,1,22,3,6
reg_7178,27,73,118,72,92,92,179,79,162,8,75,13,194,48,72
reg_7179,30,38,24,31,61,49,52,47,100,2,21,8,57,11,50
reg_7180,229,239,220,268,302,271,391,164,482,163,115,19,156,53,180
reg_7181,17,14,32,87,6,109,10,22,56,1,41,1,12,21,6
reg_7182,1,1,1,91,1,65,1,1,32,1,26,1,1,3,10
reg_7183,408,1115,555,336,629,785,962,791,698,285,219,1,17,36,58
reg_7184,152,232,133,147,220,136,185,118,191,110,89,10,51,41,154
reg_7185,56,112,50,144,62,80,190,142,170,86,153,47,413,378,721
reg_7186,68,140,26,110,76,119,159,103,216,45,56,8,50,5,11
reg_7187,78,54,106,124,186,141,114,83,116,44,39,1,85,25,60
reg_7188,24,11,23,91,63,132,53,29,77,1,39,29,67,56,58
reg_7189,1,21,73,80,88,107,29,42,1,2,34,18,47,1,1
reg_7190,35,23,15,57,65,63,26,32,12,19,12,4,27,22,21
reg_7191,180,120,27,194,212,244,83,64,76,1,56,2,26,1,11
reg_7192,158,40,183,291,263,169,184,77,170,48,131,56,341,142,400
reg_7193,8,3,6,4,1,18,6,11,9,1,10,1,45,8,24
reg_7194,10,30,16,1,22,13,20,45,29,1,33,23,44,16,40
reg_7195,1,1,18,9,17,6,31,13,1,11,37,16,33,33,45
reg_7196,102,154,260,199,205,149,554,271,43,181,298,63,321,232,470
reg_7197,15,41,50,13,44,65,84,43,17,33,78,9,51,41,86
reg_7198,146,64,138,216,326,663,461,303,108,166,79,17,224,128,251
reg_7199,771,1090,1513,1382,2196,1737,2326,1687,1294,883,443,228,1033,760,1761
reg_7200,11,17,17,6,29,13,4,21,36,16,12,2,18,14,51
reg_7201,90,220,91,44,318,98,140,149,382,185,107,17,139,105,214
reg_7202,179,415,402,188,682,378,731,182,299,306,131,28,166,139,389
reg_7203,121,307,58,11,165,86,90,69,138,15,157,14,26,15,122
reg_7204,93,213,38,2,116,85,52,4,64,11,91,39,1,22,99
reg_7205,1,52,110,82,101,33,211,105,1,25,158,56,298,246,538
reg_7206,1,1,86,23,54,3,51,3,6,52,18,1,1,1,2
reg_7207,19,1,23,1,1,60,44,195,99,1,19,3,1,1,1
reg_7208,12,43,1,1,1,1,1,1,41,1,3,2,1,1,1
reg_7209,1,222,9,1,5,1,1,26,106,1,14,1,1,1,1
reg_7210,68,176,72,4,122,9,78,42,190,1,25,1,1,1,1
reg_7211,81,332,229,23,136,1,234,44,292,1,54,38,1,1,79
reg_7212,320,466,186,86,85,50,163,196,522,1,70,33,1,1,56
reg_7213,11,1,46,6,10,41,27,72,155,114,14,1,1,1,1
reg_7214,80,34,46,43,13,30,34,181,148,1,43,21,32,7,53
reg_7215,197,1,5,1,1,1,1,51,112,1,36,2,1,1,1
reg_7216,23,30,39,42,45,119,1,22,96,15,16,20,1,1,1
reg_7217,23,31,16,21,17,61,1,23,106,28,10,1,1,1,1
reg_7218,24,15,15,1,1,24,1,36,34,1,1,1,1,1,1
reg_7219,6,1,1,21,4,40,1,22,44,13,6,7,1,1,1
reg_7220,40,12,10,171,14,71,35,50,77,39,20,2,1,1,1
reg_7221,659,472,767,1302,298,1190,314,580,763,402,61,28,1,1,1
reg_7222,589,545,886,1421,306,1510,413,348,850,376,26,22,1,1,1
reg_7223,1332,1453,1938,1854,1138,3149,1505,1126,1611,838,162,69,1,1,1
reg_7224,7,18,94,82,25,65,20,30,89,1,21,25,1,1,1
reg_7225,102,86,63,184,6,233,49,86,180,41,26,24,1,1,1
reg_7226,757,1276,1643,1039,878,2867,1286,975,1789,542,198,22,1,1,1
reg_7227,5,25,17,142,12,71,25,32,259,1,7,9,3,1,1
reg_7228,1,55,47,22,2,80,10,9,55,1,8,2,1,1,1
reg_7229,9,36,177,39,13,49,21,17,182,1,1,1,1,1,1
reg_7230,67,223,736,372,33,684,71,162,537,179,63,1,1,1,1
reg_7231,165,175,323,554,181,617,177,120,394,108,58,8,1,1,1
reg_7232,297,729,1197,681,378,1871,143,486,1433,84,120,21,1,1,1
reg_7233,12,48,87,74,44,182,64,70,272,37,11,12,1,1,1
reg_7234,9,12,51,48,25,47,13,31,127,1,29,25,14,9,3
reg_7235,80,53,133,182,84,236,90,46,112,41,37,1,1,1,1
reg_7236,283,251,304,496,211,626,397,209,351,137,58,19,57,24,33
reg_7237,55,82,63,144,27,179,80,30,39,10,24,10,1,1,1
reg_7238,223,341,398,434,302,638,516,485,466,344,95,1,81,36,102
reg_7239,48,69,4,32,6,77,8,41,26,9,5,1,1,1,1
reg_7240,53,11,18,31,14,13,1,28,37,1,15,2,1,1,1
reg_7241,375,474,427,526,183,951,530,362,592,413,35,3,1,1,1
reg_7242,1,1,5,1,10,38,8,25,12,67,11,2,1,1,1
reg_7243,1,1,7,3,23,20,5,3,22,1,20,11,28,17,42
reg_7244,1,20,12,38,37,36,33,28,30,49,34,19,27,24,103
reg_7245,2,1,3,1,2,1,8,3,26,1,13,1,16,5,19
reg_7246,1,1,8,68,15,1,4,1,1,22,23,9,17,4,89
reg_7247,5,31,5,45,40,6,1,1,48,3,1,1,1,1,1
reg_7248,97,169,131,56,118,66,146,127,199,104,10,1,47,1,39
reg_7249,2,1,2,1,1,1,1,1,2,4,1,1,14,1,31
reg_7250,1,1,2,1,1,1,1,1,1,3,18,3,21,13,42
reg_7251,4,1,2,2,3,1,1,1,6,1,3,1,27,11,41
reg_7252,53,113,87,16,58,6,55,39,305,2,59,13,1,1,1
reg_7253,20,7,19,17,11,1,9,20,42,1,14,1,16,3,29
reg_7254,5,1,20,133,1,1,1,1,137,5,39,10,1,1,1
reg_7255,1,8,18,1,13,1,1,1,27,2,13,4,32,9,44
reg_7256,1,1,26,30,20,3,9,1,74,9,32,9,30,23,46
reg_7257,7,10,7,104,13,14,1,7,123,20,31,3,17,1,7
reg_7258,113,43,103,218,88,119,103,139,99,70,129,64,37,50,226
reg_7259,20,167,149,5,137,188,359,14,163,184,77,14,54,34,92
reg_7260,59,1,26,30,1,73,42,11,134,30,11,1,1,1,33
reg_7261,13,1,4,1,28,1,10,1,103,1,27,21,1,1,1
reg_7262,9,16,16,39,32,12,18,22,49,26,1,2,3,18,10
reg_7263,32,102,88,120,137,137,135,143,214,53,128,57,142,123,228
reg_7264,42,18,30,162,15,136,105,90,108,79,106,8,121,97,208
reg_7265,5,4,20,19,2,1,1,6,30,6,14,11,4,5,33
reg_7266,5,21,54,22,49,68,59,50,78,35,66,16,66,52,118
reg_7267,1,1,1,2,18,7,15,9,39,1,21,6,29,36,37
reg_7268,1,37,141,118,162,111,225,108,251,122,188,61,239,108,368
reg_7269,12,39,9,38,34,32,6,64,38,32,4,4,1,1,1
reg_7270,2,3,2,4,9,5,1,7,4,2,8,5,20,4,19
reg_7271,31,20,75,83,27,107,46,64,102,1,10,3,4,1,38
reg_7272,11,15,14,20,10,1,1,32,18,1,12,8,1,1,40
reg_7273,1,117,54,4,21,106,88,30,220,10,9,1,1,1,1
reg_7274,7,9,10,5,6,11,38,5,34,1,2,5,8,1,1
reg_7275,1,7,6,1,8,51,19,1,74,1,28,6,15,20,63
reg_7276,6,7,1,1,12,4,4,14,27,10,25,1,31,30,47
reg_7277,1,30,17,24,10,74,59,11,1,17,84,30,81,63,157
reg_7278,73,56,63,231,165,165,236,139,221,128,66,13,163,70,231
reg_7279,138,109,145,263,195,305,210,167,198,52,102,43,176,134,197
reg_7280,26,16,1,46,22,39,15,19,27,3,20,1,10,1,1
reg_7281,9,7,3,59,8,12,29,13,11,4,13,4,10,1,5
reg_7282,18,148,87,33,118,89,104,30,1,8,36,10,27,14,25
reg_7283,4,40,6,1,13,5,20,6,18,1,18,5,9,1,5
reg_7284,16,132,110,78,258,91,294,105,121,160,83,14,72,74,135
reg_7285,1,3,2,1,1,6,1,1,68,1,24,1,2,1,5
reg_7286,10,38,3,1,1,4,1,4,31,3,5,2,1,3,7
reg_7287,1,5,12,17,13,6,9,10,27,1,14,18,28,21,54
reg_7288,1,1,5,1,1,1,1,1,29,1,5,8,26,18,46
reg_7289,1,35,13,1,19,9,4,1,8,1,23,1,17,4,33
reg_7290,13,20,9,41,20,31,10,38,121,1,27,5,1,1,5
reg_7291,5,27,79,13,69,16,26,61,24,78,15,20,39,44,66
reg_7292,1,10,6,8,22,1,1,12,70,18,47,6,67,62,147
reg_7293,20,92,132,12,124,71,106,140,262,4,49,41,92,141,198
reg_7294,60,64,76,90,115,73,134,115,202,1,50,32,60,40,132
reg_7295,5,1,1,1,14,1,14,60,134,1,19,2,9,1,15
reg_7296,1,3,10,1,1,11,1,3,21,1,26,1,36,25,45
reg_7297,3,13,32,21,16,20,14,11,81,1,2,7,1,1,4
reg_7298,1,2,1,1,3,1,1,26,30,1,4,1,1,1,1
reg_7299,16,1,35,3,22,16,23,65,136,2,35,1,1,1,1
reg_7300,1,8,1,16,1,26,21,22,67,1,12,1,36,12,29
reg_7301,9,1,6,2,1,42,1,9,27,1,42,4,59,23,69
reg_7302,1,5,1,18,1,26,1,8,1,1,13,9,35,7,13
reg_7303,1,1,15,337,48,512,28,20,60,1,108,43,110,17,141
reg_7304,1,32,31,127,76,199,17,83,72,1,150,8,142,59,125
reg_7305,2,16,15,31,13,42,19,13,13,1,67,4,64,39,194
reg_7306,1,4,6,20,12,94,6,75,106,2,49,11,31,31,101
reg_7307,33,80,55,246,26,123,107,201,79,15,49,18,68,18,128
reg_7308,13,30,70,78,45,42,63,57,92,12,23,17,28,14,74
reg_7309,6,8,11,22,10,53,1,10,18,2,16,1,1,1,6
reg_7310,6,10,7,4,27,5,4,34,67,5,25,11,6,1,21
reg_7311,184,275,96,463,164,1022,139,363,269,32,137,42,26,22,1
reg_7312,87,75,40,262,36,579,37,90,132,1,61,10,1,1,1
reg_7313,161,30,88,191,66,388,115,91,167,9,46,5,46,19,62
reg_7314,18,4,1,9,15,70,1,1,2,1,17,4,1,1,1
reg_7315,20,47,96,108,52,82,127,170,206,38,64,17,62,23,50
reg_7316,6,1,28,7,1,75,2,11,34,1,6,7,1,6,1
reg_7317,5,9,26,35,21,34,33,15,41,1,24,1,14,14,51
reg_7318,13,37,31,2,13,45,52,61,26,1,13,4,25,20,26
reg_7319,9,3,6,28,1,32,6,13,16,1,7,3,1,1,1
reg_7320,24,99,25,214,1,198,102,52,109,36,37,17,25,46,60
reg_7321,200,251,157,437,199,430,355,225,368,221,70,22,154,89,186
reg_7322,107,117,1,103,17,232,88,89,256,23,33,8,1,1,1
reg_7323,10,43,8,131,3,44,8,18,8,2,17,1,15,8,27
reg_7324,510,957,771,1380,1185,1131,2380,950,1084,1058,427,136,725,470,1165
reg_7325,4,10,1,29,5,20,17,2,22,1,13,8,23,2,18
reg_7326,9,12,13,44,4,33,4,22,23,8,35,7,35,30,86
reg_7327,52,83,76,195,83,141,183,187,109,19,115,44,235,215,505
reg_7328,131,255,161,245,187,234,201,431,258,57,222,75,330,218,536
reg_7329,38,18,57,107,68,98,171,63,109,70,1,1,6,2,10
reg_7330,4,1,13,1,8,13,15,35,22,17,1,4,1,1,1
reg_7331,19,2,33,25,8,13,14,10,42,7,5,10,6,5,22
reg_7332,72,144,111,158,248,194,428,75,157,66,161,64,232,154,434
reg_7333,1,9,20,4,9,4,13,25,25,1,11,1,11,4,1
reg_7334,3,8,15,20,4,36,28,43,28,1,13,3,13,4,30
reg_7335,60,17,131,275,227,164,209,118,130,105,40,7,86,76,127
reg_7336,34,1,24,115,38,109,36,25,43,1,24,1,7,1,1
reg_7337,64,28,74,103,92,90,121,120,192,37,41,9,12,20,81
reg_7338,1,4,30,68,15,13,7,21,113,1,6,1,3,1,1
reg_7339,1,1,17,21,63,21,39,16,41,18,16,1,21,25,10
reg_7340,16,1,20,34,56,40,77,80,100,35,30,5,24,38,67
reg_7341,1,1,19,1,7,1,3,4,23,1,20,1,7,10,34
reg_7342,2,5,65,8,18,69,129,60,56,64,50,1,59,41,41
reg_7343,1,1,8,1,4,1,19,1,40,1,19,1,60,4,34
reg_7344,6,2,2,19,1,1,9,2,20,1,36,13,19,19,54
reg_7345,15,10,5,48,1,24,9,14,84,1,38,4,25,15,63
reg_7346,16,19,1,1,41,3,1,72,120,1,48,11,11,1,17
reg_7347,3,1,17,15,11,19,1,21,20,4,1,1,1,1,1
reg_7348,1,22,74,93,50,28,93,31,79,15,43,1,39,42,67
reg_7349,1,18,46,137,76,43,70,41,61,59,51,31,127,41,88
reg_7350,3,20,10,46,132,1,96,24,62,126,8,13,35,3,20
reg_7351,4,23,157,248,47,127,229,108,299,234,103,20,44,44,106
reg_7352,1,1,33,25,32,30,48,6,66,6,56,12,100,57,117
reg_7353,42,20,52,272,1,73,118,166,272,149,52,15,20,10,30
reg_7354,12,12,7,64,1,91,23,68,197,104,10,8,1,1,1
reg_7355,28,12,48,202,6,85,21,89,82,48,29,14,69,24,31
reg_7356,9,1,2,10,1,1,1,1,2,3,23,8,37,18,48
reg_7357,1,1,1,18,1,25,12,3,55,10,31,31,52,27,74
reg_7358,63,111,75,158,46,171,211,173,161,100,73,20,91,75,253
reg_7359,1,21,35,113,38,118,41,74,53,12,20,22,40,37,107
reg_7360,1,20,6,29,1,30,1,38,30,1,58,19,68,27,75
reg_7361,95,126,110,231,237,170,244,266,221,145,94,50,194,127,443
reg_7362,3,6,1,59,1,50,5,25,17,1,1,1,21,3,1
reg_7363,1,15,22,48,13,16,13,25,47,14,7,1,37,6,21
reg_7364,101,60,67,85,48,142,34,173,95,12,16,2,45,13,77
reg_7365,38,81,79,67,69,114,76,33,109,111,21,6,31,44,115
reg_7366,1,13,9,1,1,24,3,1,8,30,54,14,92,29,1
reg_7367,4,20,30,8,3,25,34,13,24,17,43,8,47,22,63
reg_7368,38,129,198,86,82,82,236,108,81,82,44,1,47,3,40
reg_7369,3,1,61,22,12,43,17,13,31,49,15,4,1,8,3
reg_7370,320,528,611,410,652,453,982,328,772,556,172,23,198,129,577
reg_7371,18,29,114,76,50,38,115,60,94,17,19,14,20,19,65
reg_7372,16,53,84,11,44,35,88,63,115,25,31,1,26,2,46
reg_7373,9,1,41,60,9,7,12,15,1,3,44,8,2,1,28
reg_7374,1,1,18,86,5,88,13,44,107,12,60,16,5,26,38
reg_7375,35,81,109,78,172,25,144,41,104,72,95,51,185,145,407
reg_7376,4,1,13,141,1,35,7,12,1,10,11,1,12,3,3
reg_7377,14,132,53,179,98,72,91,47,85,55,32,41,60,27,72
reg_7378,33,193,133,194,200,138,309,206,145,150,88,24,91,82,241
reg_7379,21,49,85,96,85,38,163,24,76,90,66,22,82,50,116
reg_7380,13,75,46,48,10,189,32,156,39,151,34,10,24,1,1
reg_7381,12,64,32,96,32,140,62,41,67,60,51,13,55,47,111
reg_7382,7,5,1,5,12,3,5,1,22,5,3,13,21,1,12
reg_7383,25,66,31,91,90,40,70,13,90,44,14,6,31,1,38
reg_7384,1,32,30,39,65,45,53,7,28,34,11,5,33,9,43
reg_7385,1,64,28,57,83,31,40,55,100,105,43,44,191,78,209
reg_7386,80,272,187,391,247,502,546,305,303,532,167,71,266,221,595
reg_7387,11,1,15,66,7,18,14,52,30,2,4,5,15,1,34
reg_7388,6,3,1,25,1,7,3,6,11,5,8,10,28,18,25
reg_7389,17,24,45,148,62,91,39,80,120,44,51,9,95,65,160
reg_7390,1,5,1,15,7,1,2,9,18,7,33,1,55,28,76
reg_7391,43,93,73,154,33,120,50,55,128,77,64,18,170,129,150
reg_7392,9,21,52,1,9,48,1,11,9,1,12,1,1,1,1
reg_7393,5,2,6,13,9,17,1,1,8,2,64,14,138,62,227
reg_7394,1,5,1,8,5,12,1,1,1,1,7,1,17,8,49
reg_7395,4,14,36,89,5,72,1,27,13,21,12,10,1,2,1
reg_7396,2,1,25,5,1,1,1,7,4,1,20,1,12,33,17
reg_7397,1,1,94,6,9,16,5,5,2,15,29,10,56,36,157
reg_7398,1,1,10,26,1,20,1,16,17,1,26,1,1,1,1
reg_7399,1,44,431,345,19,450,105,401,284,21,169,40,204,132,541
reg_7400,1,1,83,34,11,147,1,46,38,1,20,19,50,20,51
reg_7401,1,1,7,6,1,17,2,1,1,1,35,11,45,10,46
reg_7402,1,4,38,45,1,111,48,145,60,16,93,24,224,112,423
reg_7403,10,1,64,45,1,205,7,76,100,10,99,55,152,148,271
reg_7404,1,4,19,18,8,61,14,45,39,6,58,36,118,90,218
reg_7405,1,1,17,1,1,45,1,5,18,1,28,20,62,13,59
reg_7406,1,1,122,143,1,131,1,20,69,26,15,1,59,43,148
reg_7407,7,7,60,63,23,41,1,19,67,44,44,23,145,204,399
reg_7408,3,6,20,31,6,7,17,17,66,5,107,39,121,79,186
reg_7409,1,1,6,22,9,2,3,1,37,1,25,1,43,30,96
reg_7410,4,1,50,190,31,18,39,31,39,19,128,55,128,80,242
reg_7411,12,56,91,103,94,107,73,45,78,4,54,56,46,73,157
reg_7412,5,7,27,11,13,65,9,16,36,8,41,14,43,30,76
reg_7413,32,105,199,417,205,213,146,88,273,112,141,39,353,158,449
reg_7414,15,37,83,341,39,72,63,64,157,20,111,29,188,56,182
reg_7415,15,1,23,12,1,4,1,1,20,1,65,50,31,76,162
reg_7416,1,4,8,26,8,35,3,3,42,32,58,16,84,38,76
reg_7417,3,89,95,52,84,11,1,12,368,51,133,46,222,108,284
reg_7418,49,57,100,56,80,96,56,60,70,36,75,18,131,145,216
reg_7419,58,72,95,86,82,38,125,40,158,68,48,12,57,38,110
reg_7420,27,16,32,139,10,63,21,32,35,33,43,9,60,13,71
reg_7421,13,21,29,117,26,92,72,48,43,31,43,2,34,34,40
reg_7422,13,14,22,91,9,45,21,39,113,1,63,1,40,48,66
reg_7423,96,114,194,430,71,147,151,154,419,58,129,32,158,71,265
reg_7424,20,40,23,9,26,29,1,53,29,1,7,1,1,1,1
reg_7425,94,109,150,349,97,263,253,193,137,156,137,18,310,170,345
reg_7426,18,1,17,41,1,25,4,38,18,11,21,1,25,11,1
reg_7427,102,265,227,294,199,322,327,210,293,145,108,30,151,164,147
reg_7428,6,46,67,67,47,102,126,53,61,66,45,11,115,96,179
reg_7429,1,1,15,17,2,9,1,3,1,3,39,5,32,14,39
reg_7430,1,40,16,54,39,59,45,2,19,28,33,1,52,23,56
reg_7431,115,204,100,77,221,360,247,114,32,226,87,13,119,69,22
reg_7432,14,3,17,17,3,29,1,18,4,1,4,5,1,3,1
reg_7433,42,226,206,57,185,169,128,118,179,1,103,19,125,73,128
reg_7434,5,41,21,52,13,12,25,22,95,13,19,12,32,6,10
reg_7435,21,48,73,86,79,94,108,93,105,82,22,2,33,28,209
reg_7436,1,2,43,33,12,42,16,19,231,1,39,6,2,1,18
reg_7437,11,9,16,52,91,1,20,32,32,1,27,17,49,69,103
reg_7438,3,1,1,8,1,2,21,15,25,4,4,1,1,1,3
reg_7439,7,27,25,40,42,53,37,45,25,28,19,13,75,54,142
reg_7440,1,1,1,57,1,13,1,5,6,1,55,15,47,47,147
reg_7441,1,1,13,16,3,31,1,24,39,1,107,24,79,77,159
reg_7442,15,25,12,47,22,40,8,55,50,12,16,1,34,8,7
reg_7443,4,1,6,59,1,20,3,6,5,11,27,6,19,48,52
reg_7444,1,4,2,23,1,8,1,5,33,10,6,1,27,5,23
reg_7445,33,1,15,138,1,55,22,38,69,2,1,1,3,1,1
reg_7446,1,1,1,18,7,10,11,1,19,24,48,13,16,21,64
reg_7447,26,110,53,136,49,43,74,89,72,58,63,6,83,67,121
reg_7448,1,19,1,69,6,12,1,5,1,11,11,1,18,26,55
reg_7449,76,280,268,513,233,195,134,228,148,98,168,45,452,276,498
reg_7450,13,29,29,71,13,61,32,30,37,9,24,1,5,12,28
reg_7451,10,1,22,25,4,9,9,16,87,15,85,3,43,30,109
reg_7452,1,23,120,14,2,1,388,1,280,178,43,16,1,1,1
reg_7453,1,1,15,9,2,4,16,45,31,7,4,7,1,12,17
reg_7454,8,6,42,3,27,16,50,31,78,76,7,3,2,10,6
reg_7455,3,25,72,46,33,68,135,49,145,183,84,36,183,186,349
reg_7456,1,1,2,6,1,7,1,7,42,1,44,4,67,37,157
reg_7457,1,3,66,40,21,25,39,65,39,41,105,26,268,176,467
reg_7458,2,1,1,5,4,1,4,11,14,1,1,7,36,7,45
reg_7459,16,1,29,1,1,8,1,61,1,1,47,19,47,37,115
reg_7460,1,28,103,9,24,83,212,127,56,7,71,73,333,218,609
reg_7461,14,1,9,36,9,11,4,20,37,12,74,29,156,77,246
reg_7462,1,10,40,109,133,76,97,118,63,139,113,33,229,125,318
reg_7463,1,6,4,9,1,21,1,2,6,2,21,2,26,23,46
reg_7464,1,1,10,21,10,56,31,16,11,17,4,7,1,1,1
reg_7465,27,12,38,27,27,57,17,50,44,22,18,13,3,1,7
reg_7466,1,28,91,33,27,56,1,42,44,1,13,14,1,2,1
reg_7467,85,184,214,205,263,263,264,154,249,160,129,41,112,71,425
reg_7468,1,1,14,12,1,1,1,1,29,1,39,17,32,36,95
reg_7469,25,147,60,20,13,945,188,105,521,1,91,17,46,10,70
reg_7470,16,40,39,86,52,61,22,38,55,18,39,14,18,34,128
reg_7471,2,14,1,1,14,1,1,5,5,9,15,10,33,25,60
reg_7472,660,825,578,846,1122,866,1115,987,895,384,229,93,223,168,618
reg_7473,374,514,312,429,478,561,523,355,491,183,220,35,193,81,342
reg_7474,5,13,29,8,10,22,33,20,19,31,28,1,28,8,34
reg_7475,23,32,27,1,10,42,1,12,39,10,9,1,1,1,3
reg_7476,128,178,136,60,255,168,214,271,250,121,52,14,51,31,82
reg_7477,45,40,52,28,135,2,38,5,42,22,27,1,19,12,11
reg_7478,1,12,36,12,28,41,52,16,50,1,53,20,73,36,117
reg_7479,1,7,10,6,9,2,26,9,26,13,16,1,9,20,25
reg_7480,1,1,5,22,15,24,6,6,26,1,45,18,47,24,56
reg_7481,16,6,9,24,2,3,9,21,6,18,37,5,33,21,90
reg_7482,2,23,18,103,28,62,54,60,24,42,70,4,70,40,107
reg_7483,1,13,8,69,1,77,32,7,53,6,42,9,1,8,9
reg_7484,1,17,8,15,1,62,46,12,55,1,27,6,1,1,8
reg_7485,4,38,28,154,9,162,202,124,192,43,48,27,10,1,17
reg_7486,1,3,4,39,1,22,26,4,60,1,8,10,5,1,13
reg_7487,1,9,1,59,1,121,98,69,182,1,13,1,1,1,1
reg_7488,80,22,25,8,1,68,1,177,83,29,9,11,1,1,1
reg_7489,1,28,1,121,29,42,1,26,40,2,10,12,1,1,1
reg_7490,1,64,1,185,1,14,12,22,43,21,21,25,1,1,1
reg_7491,1,24,4,67,2,1,1,2,1,1,20,1,1,1,1
reg_7492,6,47,24,9,6,9,7,62,42,1,36,6,37,7,30
reg_7493,1,48,1,1,22,9,1,1,42,4,22,21,1,10,1
reg_7494,7,42,8,19,31,8,6,29,82,9,13,1,5,7,29
reg_7495,1,44,15,1,1,1,36,1,143,3,8,15,1,1,1
reg_7496,50,93,121,117,195,85,205,72,146,40,102,30,299,205,290
reg_7497,7,13,1,14,7,1,1,8,29,1,31,3,44,37,90
reg_7498,18,32,26,127,31,44,2,23,63,3,61,4,33,31,125
reg_7499,15,8,41,52,22,25,81,25,99,12,47,24,62,45,218
reg_7500,74,66,131,315,134,412,520,170,380,63,79,36,136,80,154
reg_7501,9,15,43,157,16,97,43,18,78,1,20,1,1,1,14
reg_7502,1,6,9,14,1,8,3,6,46,1,6,6,23,2,11
reg_7503,118,73,155,267,19,281,157,157,565,53,249,21,309,110,236
reg_7504,8,12,10,88,1,28,1,22,71,1,7,1,1,1,7
reg_7505,29,55,58,78,59,70,92,79,86,70,28,17,77,38,126
reg_7506,5,3,3,7,1,1,6,1,24,1,7,3,4,7,21
reg_7507,1,1,1,9,7,1,5,15,2,9,47,3,71,57,56
reg_7508,11,1,63,66,28,46,4,16,51,13,12,9,17,4,5
reg_7509,260,272,438,627,685,690,957,522,685,440,404,134,1047,812,1412
reg_7510,1,7,1,16,14,24,3,3,53,22,7,1,25,1,1
reg_7511,27,16,24,43,5,39,1,19,88,1,15,7,3,1,9
reg_7512,1,4,7,1,1,1,1,1,4,1,51,12,37,20,45
reg_7513,3,1,5,1,5,1,18,1,7,1,14,15,38,18,35
reg_7514,2,44,42,16,35,60,153,11,5,79,68,14,89,77,227
reg_7515,40,36,72,148,64,88,206,54,96,72,85,33,127,78,263
reg_7516,49,120,107,44,111,44,184,49,272,33,29,12,60,11,126
reg_7517,164,153,60,79,29,52,219,74,360,119,46,3,95,25,84
reg_7518,13,14,14,31,3,17,7,18,1,19,12,1,17,7,42
reg_7519,13,17,47,44,24,14,17,31,46,15,52,14,95,35,106
reg_7520,194,193,227,382,182,212,289,223,179,219,227,100,406,219,419
reg_7521,101,44,55,215,34,157,31,141,70,29,100,47,128,77,221
reg_7522,70,146,66,118,67,134,19,86,166,9,60,16,123,16,134
reg_7523,20,10,1,17,1,3,1,35,30,1,1,1,26,4,13
reg_7524,241,534,416,434,540,365,508,523,311,380,155,68,364,190,733
reg_7525,4,8,15,41,5,27,12,19,33,1,9,1,8,1,2
reg_7526,9,125,40,43,55,1,46,29,117,1,14,1,46,11,65
reg_7527,1,14,23,32,22,7,30,16,51,34,56,26,95,60,171
reg_7528,1,1,1,3,1,1,1,27,38,4,4,1,1,1,1
reg_7529,5,4,4,4,1,3,4,1,33,54,27,10,35,16,42
reg_7530,1,14,1,22,1,1,1,4,26,20,37,7,68,48,93
reg_7531,1,19,8,11,3,1,1,34,66,8,22,10,10,2,9
reg_7532,9,23,5,61,1,12,3,13,22,1,34,15,52,28,61
reg_7533,29,157,1,123,12,115,84,35,85,16,146,37,162,114,367
reg_7534,119,100,66,267,50,309,89,134,262,13,50,21,16,16,30
reg_7535,9,5,9,35,1,40,18,33,46,13,35,22,38,22,94
reg_7536,1,1,1,1,1,4,11,14,4,5,24,12,45,16,65
reg_7537,1,21,18,24,1,14,4,18,4,1,22,1,30,20,46
reg_7538,1,15,14,52,7,3,8,15,30,7,64,17,117,51,109
reg_7539,1,41,25,37,1,45,40,22,25,1,27,5,1,1,10
reg_7540,1,23,9,1,1,40,51,20,114,1,23,1,86,27,94
reg_7541,67,59,75,9,12,172,363,39,462,1,35,10,97,22,7
reg_7542,5,2,4,18,1,1,1,3,45,1,17,1,52,27,72
reg_7543,3,1,14,3,2,5,4,1,25,7,32,10,66,17,23
reg_7544,10,1,24,4,13,35,14,22,31,1,59,10,100,23,88
reg_7545,10,1,30,9,6,23,15,14,10,1,57,13,35,38,94
reg_7546,9,10,13,45,1,2,1,12,136,1,117,11,121,84,246
reg_7547,78,101,81,213,73,255,252,172,422,128,136,28,189,82,208
reg_7548,1,1,45,45,15,84,27,61,49,91,147,57,222,194,81
reg_7549,1,7,2,25,1,16,6,14,38,8,45,6,88,57,122
reg_7550,1,1,15,1,5,5,1,7,9,8,15,7,58,23,66
reg_7551,13,55,69,79,53,34,68,78,170,79,25,1,50,16,64
reg_7552,1,1,9,11,1,7,9,5,31,11,49,11,63,29,147
reg_7553,5,1,1,5,1,3,2,45,1,1,11,4,19,63,129
reg_7554,2,1,12,10,1,97,33,5,79,12,25,11,1,4,1
reg_7555,65,124,274,1,268,283,315,247,576,78,71,12,82,76,125
reg_7556,1,34,15,11,55,88,73,60,230,74,24,24,9,1,3
reg_7557,45,69,131,123,155,197,395,237,363,237,97,32,196,125,342
reg_7558,26,60,15,85,23,21,18,40,36,12,40,2,78,51,134
reg_7559,23,18,59,61,48,122,47,61,95,54,87,11,107,72,162
reg_7560,1,1,4,24,10,15,22,16,42,4,71,15,61,30,101
reg_7561,4,27,6,24,21,29,28,26,39,24,17,2,18,32,70
reg_7562,229,382,355,490,424,320,575,518,536,390,384,93,624,525,1195
reg_7563,18,14,78,63,1,34,62,88,112,80,82,10,62,44,103
reg_7564,1,69,9,33,9,1,10,1,4,3,59,7,66,30,220
reg_7565,3,43,52,2,1,1,4,7,19,1,11,1,26,19,95
reg_7566,7,53,48,10,34,1,7,9,53,10,27,11,104,57,237
reg_7567,10,92,48,56,11,1,55,61,214,48,50,1,62,9,90
reg_7568,1,17,14,17,13,5,1,3,78,11,34,8,44,57,31
reg_7569,23,139,7,143,1,8,19,1,63,20,2,1,21,1,13
reg_7570,71,203,133,345,75,281,379,263,371,224,257,25,367,240,812
reg_7571,16,23,47,130,15,63,71,28,155,97,88,22,137,82,301
reg_7572,10,65,92,10,59,1,92,65,21,50,69,17,132,87,199
reg_7573,122,19,45,113,12,2,31,66,27,11,51,6,26,4,38
reg_7574,8,20,35,7,8,6,13,24,9,1,11,1,6,7,7
reg_7575,1,1,1,11,1,18,1,36,46,1,1,8,1,2,2
reg_7576,43,88,34,3,8,12,1,14,82,15,24,5,1,5,1
reg_7577,48,17,77,59,62,12,123,132,218,4,53,14,60,28,110
reg_7578,14,28,19,18,5,8,1,27,52,7,36,1,17,49,67
reg_7579,19,23,3,49,1,2,18,46,76,1,20,6,1,1,3
reg_7580,95,119,126,230,111,49,136,231,387,87,65,4,55,47,115
reg_7581,47,68,112,64,135,1,109,201,172,44,56,4,68,72,160
reg_7582,1,21,10,7,15,1,9,20,24,3,3,1,6,1,24
reg_7583,24,15,101,254,47,53,77,60,299,36,43,6,27,15,70
reg_7584,6,4,3,23,1,6,11,2,18,1,16,1,29,8,50
reg_7585,2,7,25,10,17,4,17,9,19,11,40,12,63,31,109
reg_7586,6,2,5,9,23,1,21,10,8,5,40,6,57,28,65
reg_7587,15,5,5,31,22,21,17,11,42,9,89,33,163,64,261
reg_7588,1,1,14,18,1,1,1,1,1,1,38,8,40,49,68
reg_7589,10,26,16,34,23,12,18,24,48,10,14,5,53,26,62
reg_7590,5,1,121,90,1,31,75,45,41,5,142,25,215,171,247
reg_7591,2,20,8,5,1,2,13,5,37,1,23,9,47,16,61
reg_7592,41,68,79,155,63,84,105,97,93,76,152,57,234,135,270
reg_7593,39,35,76,87,66,51,73,81,114,61,93,17,170,156,286
reg_7594,7,4,20,43,8,27,10,11,21,6,14,9,49,23,81
reg_7595,1,1,3,3,1,1,1,1,11,1,5,3,11,15,31
reg_7596,4,37,5,47,7,8,10,32,6,27,48,15,6,39,58
reg_7597,8,5,14,67,13,26,1,62,1,37,27,18,66,36,90
reg_7598,439,592,718,854,802,877,1284,816,763,702,611,216,1505,1091,2447
reg_7599,7,11,22,13,10,13,29,18,10,7,9,1,7,8,36
reg_7600,13,15,7,46,13,12,6,22,75,9,1,8,2,23,19
reg_7601,19,38,1,21,7,43,6,19,56,1,1,1,4,1,1
reg_7602,15,3,17,77,19,53,36,34,24,29,81,27,98,61,152
reg_7603,32,9,69,92,33,90,60,44,49,50,106,30,113,40,114
reg_7604,8,1,18,24,15,17,21,9,11,14,15,6,30,9,40
reg_7605,3,2,13,10,19,24,15,5,21,14,49,4,30,3,33
reg_7606,6,5,16,21,3,30,4,29,22,20,56,8,2,17,20
reg_7607,99,56,65,74,38,282,115,146,157,54,194,23,172,128,419
reg_7608,168,218,183,9,151,463,341,465,507,160,109,1,51,99,242
reg_7609,1,16,13,30,22,17,31,26,38,23,41,6,34,29,62
reg_7610,1,80,121,108,62,146,206,134,66,67,204,39,227,246,474
reg_7611,1,4,28,203,33,110,43,49,55,65,110,45,265,143,366
reg_7612,13,195,59,113,74,153,82,136,110,22,120,4,148,156,336
reg_7613,1,10,13,9,9,8,1,10,2,7,14,5,22,7,19
reg_7614,5,16,6,27,12,59,50,16,19,9,46,11,65,29,71
reg_7615,1,1,7,1,1,2,2,2,6,1,8,1,22,6,19
reg_7616,1,1,43,29,23,5,26,37,20,16,10,9,8,2,7
reg_7617,1,5,14,30,22,16,40,14,24,14,9,1,48,26,45
reg_7618,1,1,56,50,42,1,89,29,18,1,19,1,313,217,202
reg_7619,47,11,62,42,28,99,156,43,105,41,29,16,74,19,31
reg_7620,70,97,124,176,201,151,208,106,91,64,462,122,1465,618,1981
reg_7621,35,14,219,180,179,192,259,129,282,124,347,63,720,168,893
reg_7622,11,4,33,38,23,44,30,25,68,24,56,1,6,15,18
reg_7623,1,51,3,9,24,9,17,12,31,16,9,11,24,10,40
reg_7624,1,15,1,29,9,1,11,3,31,4,10,9,1,1,1
reg_7625,1,12,10,7,1,1,13,26,1,7,32,31,28,11,94
reg_7626,2,17,17,25,15,55,36,6,30,20,49,2,35,29,77
reg_7627,359,473,587,1179,675,1024,1577,852,1027,824,809,290,1490,919,3020
reg_7628,34,1,36,84,34,47,88,34,30,39,89,1,63,18,148
reg_7629,10,16,48,78,13,58,65,29,16,45,75,15,130,61,302
reg_7630,7,52,126,72,176,68,240,96,95,165,127,38,195,174,363
reg_7631,3,19,52,7,69,20,72,10,54,93,106,27,89,59,271
reg_7632,44,60,51,105,111,98,120,111,135,66,36,10,88,176,415
reg_7633,42,93,78,90,107,79,168,52,123,57,57,1,74,45,178
reg_7634,18,5,21,14,9,17,18,24,23,5,38,6,54,46,59
reg_7635,1,56,87,55,81,1,145,16,176,1,35,2,26,10,31
reg_7636,13,4,30,24,9,15,13,13,9,11,4,3,5,5,10
reg_7637,5,9,32,88,3,31,10,54,40,15,5,1,13,9,44
reg_7638,4,43,139,30,71,106,45,3,58,1,20,18,1,5,37
reg_7639,35,19,1,37,5,72,11,68,54,62,6,2,1,1,1
reg_7640,18,13,13,43,16,29,69,23,38,49,2,1,23,12,61
reg_7641,24,54,34,90,26,86,190,113,124,97,68,27,72,41,163
reg_7642,174,154,115,328,35,223,444,388,326,263,103,46,156,78,289
reg_7643,17,35,13,43,25,45,26,11,122,1,41,1,38,12,106
reg_7644,26,140,48,3,155,190,158,83,200,5,80,64,195,234,566
reg_7645,6,13,5,42,12,14,19,16,25,44,9,1,4,5,17
reg_7646,89,40,56,290,46,191,223,153,191,153,128,15,96,53,187
reg_7647,279,465,706,975,499,720,1361,1023,1008,843,668,239,1392,1291,1615
reg_7648,1,3,38,75,24,29,33,64,60,15,82,28,61,54,159
reg_7649,25,41,102,223,57,74,72,63,164,63,249,65,274,117,554
reg_7650,23,62,37,124,30,61,36,69,143,43,66,1,43,25,99
reg_7651,18,35,14,94,18,94,37,28,55,20,47,19,113,79,153
reg_7652,21,46,1,81,1,88,3,55,22,8,19,1,15,1,37
reg_7653,11,14,1,2,1,32,11,33,19,82,1,4,1,1,1
reg_7654,35,64,16,98,41,79,41,93,107,93,9,1,28,17,72
reg_7655,29,75,4,57,20,58,16,72,80,88,9,1,5,6,19
reg_7656,1,56,1,15,16,32,1,46,89,86,15,1,11,1,1
reg_7657,9,68,11,27,15,9,21,30,95,50,11,3,24,4,18
reg_7658,105,208,176,23,227,102,162,150,157,36,12,14,14,1,1
reg_7659,39,18,20,13,28,24,16,45,76,13,16,1,5,6,42
reg_7660,1,10,6,22,8,18,1,6,23,9,18,8,40,11,64
reg_7661,16,52,21,58,29,43,23,1,72,16,16,5,2,1,10
reg_7662,23,8,1,53,1,12,1,12,1,1,1,1,1,1,1
reg_7663,33,62,37,50,22,84,27,33,325,2,18,5,1,1,1
reg_7664,42,136,1,26,47,47,13,33,209,4,1,1,7,1,1
reg_7665,7,1,1,21,1,27,6,46,1,2,1,1,1,1,1
reg_7666,1,46,1,10,8,11,7,1,47,1,9,1,49,3,55
reg_7667,6,13,1,34,10,48,5,17,10,1,3,1,1,1,1
reg_7668,24,25,32,80,4,66,28,46,84,40,12,7,21,3,8
reg_7669,84,196,21,128,55,85,24,46,333,68,37,3,1,1,1
reg_7670,36,79,7,41,15,157,4,33,57,5,29,17,20,21,26
reg_7671,5,1,14,2,1,4,1,7,62,27,9,2,2,1,1
reg_7672,30,38,1,48,23,33,5,84,86,74,5,6,36,8,40
reg_7673,27,24,4,85,47,41,31,38,119,66,14,9,32,45,75
reg_7674,24,20,1,87,34,54,38,46,81,26,21,18,26,1,18
reg_7675,131,84,1,280,107,260,98,148,293,25,43,1,14,1,5
reg_7676,93,129,62,172,122,150,178,231,289,22,50,9,1,1,16
reg_7677,7,1,1,21,1,40,1,1,91,1,10,11,1,1,1
reg_7678,4,14,14,24,8,31,1,36,55,14,5,10,7,10,8
reg_7679,11,47,47,41,28,43,69,50,52,27,10,1,39,46,26
reg_7680,1,49,52,81,30,50,80,83,120,103,52,19,104,136,127
reg_7681,87,6,66,95,93,110,146,131,219,263,55,8,50,1,1
reg_7682,102,189,93,185,183,166,152,122,173,259,56,10,88,89,166
reg_7683,9,19,1,18,12,3,7,11,28,55,24,2,24,6,5
reg_7684,320,469,292,679,510,549,300,438,497,646,47,1,65,7,179
reg_7685,6,2,32,51,36,6,20,4,40,22,18,1,20,19,36
reg_7686,1,1,10,11,6,1,2,5,21,1,43,18,50,78,28
reg_7687,1,19,18,37,27,11,22,17,61,5,29,22,60,22,49
reg_7688,1,70,38,115,38,70,21,65,23,56,37,27,95,81,88
reg_7689,30,162,132,38,140,14,35,98,74,2,63,22,102,85,223
reg_7690,11,31,42,20,24,15,32,1,53,22,35,12,18,23,34
reg_7691,17,71,88,68,27,4,44,14,65,34,217,52,273,198,128
reg_7692,4,161,122,1,84,1,6,5,90,24,82,13,86,75,51
reg_7693,1,129,30,228,32,43,50,18,58,53,91,2,17,22,1
reg_7694,56,96,38,154,114,24,118,32,77,91,8,1,3,10,1
reg_7695,88,158,89,310,166,42,186,150,374,164,100,6,125,116,312
reg_7696,28,144,71,124,90,25,67,61,183,68,47,15,57,25,130
reg_7697,15,38,4,120,5,24,14,48,60,10,18,1,4,1,1
reg_7698,76,217,93,285,137,2,148,255,445,257,131,1,59,11,47
reg_7699,3,14,1,6,9,4,13,9,35,36,17,1,9,1,10
reg_7700,16,81,65,63,39,20,27,1,21,9,28,25,90,45,119
reg_7701,41,62,69,140,85,93,60,97,102,68,124,40,427,291,506
reg_7702,1,1,1,6,1,1,1,1,10,1,99,32,257,166,354
reg_7703,1,17,17,38,16,22,30,24,15,4,13,16,54,12,36
reg_7704,14,52,41,56,20,66,89,69,111,3,134,42,144,96,199
reg_7705,10,6,18,25,11,18,22,20,43,19,1,2,9,9,30
reg_7706,13,3,20,55,15,50,27,23,25,4,11,2,1,4,7
reg_7707,11,22,27,28,28,43,22,58,69,1,1,8,1,1,1
reg_7708,363,341,176,306,374,585,439,553,512,37,20,8,1,1,32
reg_7709,39,255,35,155,86,161,111,203,242,26,22,4,14,8,1
reg_7710,23,85,42,54,10,16,17,69,122,1,27,1,1,1,2
reg_7711,13,23,12,25,2,23,7,75,121,10,17,3,1,3,1
reg_7712,1,4,1,29,9,30,1,1,34,8,6,13,17,4,1
reg_7713,1,12,1,1,1,1,1,21,25,1,16,5,42,18,69
reg_7714,1,9,11,1,1,1,1,1,13,1,12,10,38,27,30
reg_7715,27,34,15,15,1,20,3,28,75,1,35,8,49,23,81
reg_7716,1,6,4,17,1,11,1,5,99,1,43,5,2,9,47
reg_7717,1,74,31,42,10,1,1,107,47,32,56,16,71,55,178
reg_7718,1,207,37,15,1,120,14,300,394,221,78,15,127,97,223
reg_7719,9,72,68,188,26,215,78,60,85,26,59,23,115,94,189
reg_7720,1,5,6,13,5,1,1,6,28,4,52,1,49,47,91
reg_7721,119,150,229,504,224,383,475,271,259,224,309,109,661,364,839
reg_7722,23,20,14,99,25,86,45,63,43,13,48,16,57,20,70
reg_7723,27,108,54,118,52,88,94,75,135,26,58,2,62,30,131
reg_7724,67,118,204,124,162,133,355,135,124,94,112,47,197,184,313
reg_7725,16,32,32,81,28,60,81,54,65,38,15,5,51,16,78
reg_7726,32,48,62,78,56,78,91,84,103,71,33,6,104,72,254
reg_7727,1,14,9,88,24,20,14,17,45,6,36,18,136,73,110
reg_7728,70,30,67,167,89,184,97,80,152,25,84,23,177,171,262
reg_7729,7,1,23,18,17,10,27,9,6,5,23,1,20,17,20
reg_7730,10,15,43,85,74,77,127,7,171,121,74,8,34,8,42
reg_7731,9,1,12,7,9,9,4,16,21,1,24,5,14,5,19
reg_7732,3,57,43,104,48,35,18,16,35,17,52,13,43,1,77
reg_7733,64,27,73,222,68,178,74,96,72,69,72,20,91,86,109
reg_7734,1,6,1,1,1,1,4,11,36,1,18,1,35,9,5
reg_7735,1,1,1,1,1,34,3,80,8,1,10,1,1,1,1
reg_7736,6,1,9,29,1,90,18,22,9,7,25,13,11,19,4
reg_7737,1,2,1,1,1,25,22,15,52,3,23,28,36,15,87
reg_7738,63,136,244,210,183,226,316,124,192,213,150,42,278,346,374
reg_7739,18,21,48,57,30,73,97,38,30,64,25,4,43,30,87
reg_7740,350,634,696,858,990,1080,1881,442,701,1171,526,145,1062,791,1833
reg_7741,45,71,67,201,114,152,146,85,86,92,83,44,134,72,103
reg_7742,13,41,69,179,35,120,72,129,318,77,104,13,76,39,101
reg_7743,14,22,24,218,1,63,1,87,60,1,48,10,87,47,112
reg_7744,10,2,8,81,35,38,27,40,114,13,15,9,24,18,39
reg_7745,36,14,48,76,22,85,62,84,40,14,97,15,98,75,208
reg_7746,1,6,23,49,9,24,34,32,21,23,43,1,12,9,47
reg_7747,1,1,40,23,16,9,24,47,67,30,173,22,172,140,410
reg_7748,172,143,255,230,229,230,339,196,339,186,97,14,96,25,113
reg_7749,28,16,93,238,21,161,88,60,129,30,53,1,59,25,109
reg_7750,19,40,22,29,24,48,18,24,31,6,16,1,7,1,6
reg_7751,22,56,9,62,1,1,8,61,8,1,45,23,70,34,176
reg_7752,6,1,1,4,1,1,3,3,1,1,24,7,19,32,94
reg_7753,12,19,28,48,1,16,21,12,37,4,39,25,56,36,105
reg_7754,6,1,1,36,1,20,1,2,12,1,34,7,90,42,261
reg_7755,16,8,9,23,11,22,12,31,29,10,40,21,63,51,85
reg_7756,6,1,23,48,3,43,23,34,16,1,83,31,141,104,253
reg_7757,66,42,65,225,51,156,38,58,134,39,38,35,187,198,205
reg_7758,15,18,9,62,14,17,9,3,49,1,15,3,5,1,4
reg_7759,48,45,17,26,16,1,19,7,38,17,1,1,10,1,1
reg_7760,22,6,24,80,10,36,8,31,48,1,15,1,36,11,57
reg_7761,597,781,576,732,610,772,831,731,930,172,105,26,54,68,254
reg_7762,12,13,35,48,25,38,62,48,111,25,56,22,55,12,94
reg_7763,16,4,5,53,3,10,19,27,24,1,33,11,46,40,90
reg_7764,19,13,11,46,1,5,17,8,12,1,32,13,1,2,41
reg_7765,6,22,1,10,3,11,1,3,13,1,49,7,88,39,174
reg_7766,15,62,62,76,64,104,117,66,81,62,74,44,76,63,192
reg_7767,8,1,38,58,1,44,12,2,18,1,5,8,1,5,1
reg_7768,37,78,72,99,68,35,58,47,134,51,38,25,56,31,121
reg_7769,6,2,1,13,4,5,2,3,7,1,4,7,19,7,31
reg_7770,409,484,909,1049,1030,783,1456,799,1328,951,785,130,1318,780,2054
reg_7771,27,11,82,106,60,67,93,73,120,52,98,16,47,11,137
reg_7772,30,11,79,82,32,31,55,88,108,47,124,1,47,11,217
reg_7773,56,146,60,302,102,179,86,181,149,44,100,44,464,251,721
reg_7774,1,7,1,49,1,10,1,10,67,9,21,17,76,68,123
reg_7775,1,15,12,77,27,34,1,6,1,4,28,1,1,1,1
reg_7776,71,165,97,354,148,159,190,91,136,64,168,64,545,280,1040
reg_7777,139,231,33,516,157,177,227,71,369,64,323,85,614,354,869
reg_7778,2,8,42,37,14,34,34,26,60,5,54,16,31,23,89
reg_7779,4,1,2,17,3,20,1,1,6,5,24,8,37,1,76
reg_7780,38,184,163,49,60,247,198,240,97,24,80,16,1,1,25
reg_7781,7,1,12,36,12,5,23,28,21,16,14,1,67,42,135
reg_7782,8,1,37,102,18,41,40,40,56,31,95,13,212,164,445
reg_7783,78,69,11,95,54,89,63,201,252,99,101,6,336,281,548
reg_7784,2,9,12,26,1,8,8,6,25,7,31,2,16,8,41
reg_7785,1,2,54,16,12,3,20,16,27,1,48,6,44,27,65
reg_7786,1,45,34,122,21,3,12,40,34,1,25,6,29,10,74
reg_7787,2,32,27,21,4,1,6,17,21,4,16,1,13,1,6
reg_7788,1,3,8,25,7,6,7,3,5,1,11,7,17,22,34
reg_7789,8,34,17,36,28,44,23,18,64,23,13,2,61,25,101
reg_7790,22,37,8,6,7,17,8,41,2,3,1,1,8,5,15
reg_7791,1,1,6,6,1,8,14,16,12,11,19,8,25,23,66
reg_7792,1,1,61,175,29,61,39,26,98,40,28,1,32,3,102
reg_7793,84,42,118,677,139,414,287,117,236,128,134,1,468,271,415
reg_7794,49,41,35,239,21,85,134,103,150,71,46,1,127,71,403
reg_7795,31,27,6,103,42,59,38,48,87,50,11,1,43,18,164
reg_7796,10,56,34,31,54,24,104,80,41,53,68,1,104,93,282
reg_7797,1,16,15,39,18,5,7,8,9,14,6,1,27,9,35
reg_7798,12,13,5,9,5,17,4,6,31,4,17,4,4,3,14
reg_7799,686,1420,1797,2174,2252,1691,3246,2353,3265,1072,2388,531,3864,2809,5299
reg_7800,8,24,8,23,2,1,3,9,47,10,5,1,32,22,21
reg_7801,32,38,36,324,116,106,52,69,49,20,42,2,35,30,33
reg_7802,3,69,120,199,61,105,36,115,211,34,69,27,92,36,182
reg_7803,23,35,8,129,23,27,16,28,21,1,22,11,11,1,10
reg_7804,1,1,8,23,1,11,10,3,2,1,4,5,22,22,52
reg_7805,1,14,14,6,38,12,1,1,14,1,8,1,4,1,1
reg_7806,1,39,20,46,4,31,17,66,96,2,65,21,62,55,147
reg_7807,2,7,16,49,1,4,10,4,29,1,13,1,13,5,50
reg_7808,37,95,128,270,49,314,499,353,536,147,251,70,577,536,669
reg_7809,7,22,17,14,42,50,4,7,8,1,35,30,87,70,204
reg_7810,17,40,24,73,53,18,17,1,75,1,95,31,189,111,385
reg_7811,85,64,86,347,83,266,162,115,275,119,135,66,395,275,526
reg_7812,147,246,251,584,213,545,231,225,747,62,188,20,407,198,426
reg_7813,34,24,55,102,45,39,111,44,164,17,62,3,187,74,223
reg_7814,23,33,39,55,43,48,74,49,123,42,16,1,73,40,183
reg_7815,1,7,24,1,14,8,1,1,38,6,23,1,8,1,33
reg_7816,8,57,44,199,44,90,49,30,63,93,38,14,36,17,92
reg_7817,12,17,115,112,30,105,82,14,43,74,32,17,44,17,54
reg_7818,1,18,29,79,25,17,44,44,113,8,31,7,14,19,87
reg_7819,1,5,16,49,1,26,15,5,28,1,14,6,1,6,49
reg_7820,34,44,95,207,88,155,43,98,80,89,44,12,19,13,71
reg_7821,19,5,49,91,2,76,19,36,21,10,43,1,16,13,85
reg_7822,1,26,11,89,3,50,21,14,48,3,65,30,50,94,252
reg_7823,11,12,36,141,22,168,122,192,182,102,178,95,375,396,1222
reg_7824,37,156,90,491,81,246,224,270,230,181,182,68,404,359,1429
reg_7825,140,165,269,458,261,341,463,302,364,228,316,92,588,488,883
reg_7826,1,10,19,17,8,11,8,13,21,1,19,4,30,14,20
reg_7827,1,8,15,16,9,1,1,1,3,8,13,1,41,23,10
reg_7828,1,1,13,2,2,3,6,6,1,2,47,1,27,26,28
reg_7829,1,1,2,54,23,28,26,37,51,20,30,2,43,31,148
reg_7830,7,1,20,21,8,7,15,26,23,3,46,1,45,44,197
reg_7831,14,206,83,1,112,149,154,171,68,118,24,28,33,10,33
reg_7832,2,3,5,17,1,9,1,2,51,1,26,12,4,34,72
reg_7833,17,13,181,193,83,94,222,127,190,9,168,58,223,130,262
reg_7834,6,23,23,3,1,11,1,5,27,14,36,6,146,62,216
reg_7835,6,10,1,2,3,1,6,1,1,1,17,17,32,17,26
reg_7836,1,1,12,1,5,2,1,10,2,1,40,15,63,40,88
reg_7837,63,98,24,120,57,28,25,49,61,43,85,16,267,139,402
reg_7838,11,17,1,14,15,15,8,6,11,5,40,14,58,18,32
reg_7839,70,149,65,106,153,72,74,70,113,22,104,25,172,126,518
reg_7840,1,12,1,18,6,3,1,1,1,1,44,12,107,55,246
reg_7841,20,89,94,10,56,1,4,108,204,7,37,1,22,17,27
reg_7842,1,15,1,2,1,2,1,15,6,1,20,1,73,42,127
reg_7843,55,137,6,59,59,61,1,84,64,46,195,39,523,428,1024
reg_7844,5,2,13,1,4,1,21,27,17,6,53,15,55,88,231
reg_7845,12,8,70,46,74,53,123,49,96,68,60,15,94,28,166
reg_7846,15,1,21,26,20,33,43,19,54,19,12,1,8,1,51
reg_7847,13,4,59,48,8,44,157,74,102,42,69,1,241,106,271
reg_7848,1,1,29,57,10,35,18,21,36,20,47,1,205,83,334
reg_7849,9,10,72,105,13,76,95,71,49,55,87,14,153,109,566
reg_7850,7,24,69,80,30,59,61,43,60,54,50,10,80,17,265
reg_7851,19,86,84,34,31,92,127,200,221,69,60,11,161,78,388
reg_7852,14,52,54,54,18,29,22,46,123,18,55,7,92,50,109
reg_7853,42,111,179,181,164,154,263,206,261,153,180,45,495,361,1051
reg_7854,10,4,42,92,16,73,19,54,48,38,49,5,13,5,31
reg_7855,45,33,102,133,41,116,190,92,133,135,36,9,79,80,191
reg_7856,26,10,40,45,5,9,29,24,181,13,38,14,36,29,87
reg_7857,1,3,1,45,1,13,15,17,37,4,31,17,46,47,80
reg_7858,13,40,1,93,17,84,5,65,135,30,43,30,112,54,234
reg_7859,21,59,93,125,68,121,137,88,87,49,75,6,211,108,319
reg_7860,15,11,21,51,31,22,1,10,53,6,21,1,17,22,44
reg_7861,26,95,46,97,104,109,66,100,151,46,65,15,70,39,137
reg_7862,509,795,795,1386,944,944,1227,746,1437,698,375,111,869,689,1309
reg_7863,59,111,119,339,184,120,147,84,182,106,77,32,139,159,374
reg_7864,14,15,19,137,23,102,1,75,136,8,24,2,22,15,13
reg_7865,106,300,155,472,95,322,120,176,394,63,58,29,146,207,48
reg_7866,33,97,70,199,51,100,20,37,167,32,8,1,1,6,1
reg_7867,118,431,262,364,349,328,295,131,416,288,97,1,193,98,264
reg_7868,29,59,47,100,41,65,81,40,133,25,41,16,157,33,190
reg_7869,176,213,369,449,234,349,524,345,548,215,221,81,540,250,922
reg_7870,5,4,27,16,11,24,24,34,41,6,3,8,27,10,9
reg_7871,32,40,42,108,35,86,76,79,39,58,41,1,49,35,102
reg_7872,65,122,128,195,167,156,174,150,315,119,81,20,252,140,390
reg_7873,46,20,19,87,1,32,24,15,38,1,39,1,9,5,25
reg_7874,2,34,14,74,12,19,11,18,56,6,62,21,78,33,158
reg_7875,41,59,53,299,18,91,12,32,129,2,1,12,27,1,11
reg_7876,126,99,248,379,140,210,221,201,248,127,229,96,791,523,723
reg_7877,12,26,52,42,32,43,24,25,50,27,48,1,45,15,47
reg_7878,10,4,12,15,2,3,42,28,38,4,27,2,1,7,26
reg_7879,20,23,7,18,51,19,42,22,28,1,30,4,56,52,191
reg_7880,1,1,8,21,3,8,23,6,2,4,19,2,23,18,55
reg_7881,80,194,64,414,56,238,272,142,149,178,263,45,648,263,1054
reg_7882,25,107,31,279,1,220,221,94,72,287,81,12,106,75,270
reg_7883,247,566,442,484,346,754,1164,328,478,585,184,28,135,121,486
reg_7884,1,16,1,45,1,9,19,7,23,12,9,9,21,13,28
reg_7885,1,22,1,29,5,6,1,12,68,17,10,5,45,55,68
reg_7886,1,25,8,13,1,10,13,12,29,1,26,17,107,55,95
reg_7887,4,1,19,6,1,1,26,1,1,7,17,3,1,32,205
reg_7888,164,38,71,202,14,130,74,117,1,1,18,1,1,1,1
reg_7889,1,32,5,1,1,16,12,3,1,10,4,17,63,37,1
reg_7890,11,39,1,2,1,23,11,1,1,1,3,7,5,5,1
reg_7891,1,2,2,1,1,1,1,1,1,18,47,21,28,44,72
reg_7892,3,1,23,8,1,8,1,11,1,24,22,1,13,7,9
reg_7893,1,3,37,76,12,34,3,41,1,31,38,8,1,8,1
reg_7894,1,3,11,11,1,4,2,12,1,6,10,1,3,2,25
reg_7895,1,65,110,292,29,97,53,271,1,77,85,1,67,100,137
reg_7896,1,4,6,32,11,1,2,2,1,43,21,27,25,35,144
reg_7897,1,38,199,153,289,32,159,97,1,147,119,43,147,222,408
reg_7898,1,24,19,41,11,1,10,18,1,1,21,1,1,1,23
reg_7899,12,1,41,1,82,41,62,22,1,27,59,29,74,80,212
reg_7900,1,1,3,1,1,1,9,6,1,1,8,1,25,31,13
reg_7901,1,239,420,1,456,240,961,176,1,212,162,67,442,286,583
reg_7902,15,3,142,10,176,72,348,54,1,115,34,1,14,65,108
reg_7903,6,4,40,74,9,38,24,37,19,23,39,17,79,34,50
reg_7904,3,1,13,1,1,1,7,1,1,1,24,20,51,30,98
reg_7905,1,1,65,3,22,1,120,108,1,67,59,22,152,110,242
reg_7906,1,1,1,1,1,1,7,2,1,1,21,12,119,67,55
reg_7907,1,5,1,1,4,1,35,1,1,10,46,22,76,60,174
reg_7908,1,1,17,1,7,1,4,7,1,1,58,23,75,49,192
reg_7909,15,23,75,1,53,1,96,30,1,30,98,43,142,93,123
reg_7910,5,13,49,1,24,1,47,31,1,1,49,22,137,85,164
reg_7911,1,1,109,1,1,1,80,19,1,40,18,7,13,1,18
reg_7912,312,502,357,390,311,79,797,36,1,638,30,6,1,1,1
reg_7913,130,250,156,232,203,1,336,1,1,248,49,14,1,1,1
reg_7914,19,68,13,24,7,1,1,3,1,34,16,1,1,1,1
reg_7915,61,23,1,9,1,1,1,1,1,54,1,13,1,1,1
reg_7916,122,60,68,69,31,1,23,1,1,167,6,21,1,1,1
reg_7917,170,59,24,303,41,1,62,75,110,18,53,7,108,20,103
reg_7918,36,3,1,91,1,1,1,60,30,5,13,13,1,1,1
reg_7919,30,29,13,92,6,1,12,29,86,56,17,2,17,8,22
reg_7920,1,6,6,64,1,1,28,1,22,31,31,1,16,13,35
reg_7921,4,31,21,82,64,65,87,30,111,63,73,6,197,75,147
reg_7922,37,55,43,65,113,28,53,49,60,50,27,1,19,1,8
reg_7923,35,135,53,172,110,82,39,82,204,70,76,34,177,156,510
reg_7924,4,1,15,38,5,1,1,1,9,6,16,8,65,26,103
reg_7925,4,2,18,2,4,6,17,12,16,1,6,1,3,3,24
reg_7926,12,36,6,44,1,13,40,31,112,52,13,1,16,1,23
reg_7927,17,3,64,81,19,27,31,52,105,12,72,5,44,41,79
reg_7928,3,2,4,16,1,1,7,1,63,15,28,1,11,15,8
reg_7929,7,1,4,3,5,1,1,2,5,1,45,30,76,23,96
reg_7930,8,1,3,25,1,1,1,1,1,7,11,1,17,4,77
reg_7931,9,4,12,52,1,8,68,1,6,1,1,1,18,4,14
reg_7932,1,1,23,82,11,13,27,16,7,1,53,6,13,1,47
reg_7933,20,25,5,42,6,14,7,9,45,17,12,1,22,15,28
reg_7934,19,41,22,40,23,13,30,32,73,17,33,1,51,51,84
reg_7935,68,76,28,248,49,137,54,157,122,57,97,51,443,252,666
reg_7936,9,3,1,6,1,26,3,5,3,1,15,1,26,19,25
reg_7937,3,15,1,121,16,8,1,1,15,12,1,1,5,9,24
reg_7938,22,21,39,91,11,39,34,35,85,19,92,10,110,42,251
reg_7939,1,3,11,13,5,4,5,13,15,9,6,4,28,10,18
reg_7940,1,1,8,8,1,10,1,22,13,1,20,1,56,25,57
reg_7941,6,1,6,11,1,6,2,9,14,1,6,1,18,25,11
reg_7942,1,1,1,3,1,1,5,1,1,1,25,18,51,22,93
reg_7943,17,8,36,44,1,10,42,34,41,19,79,17,169,30,78
reg_7944,3,1,1,4,7,1,9,19,11,1,26,3,75,15,56
